timestamps,X,Y,Z
1741743545.084,0.330,0.146,-0.942
1741743545.143,0.328,0.147,-0.942
1741743545.143,0.332,0.145,-0.941
1741743545.143,0.335,0.145,-0.939
1741743545.189,0.331,0.148,-0.945
1741743545.189,0.331,0.150,-0.941
1741743545.189,0.331,0.151,-0.939
1741743545.251,0.331,0.149,-0.941
1741743545.251,0.335,0.147,-0.938
1741743545.251,0.332,0.149,-0.937
1741743545.309,0.330,0.147,-0.943
1741743545.309,0.330,0.145,-0.941
1741743545.309,0.331,0.150,-0.940
1741743545.368,0.330,0.146,-0.945
1741743545.368,0.331,0.147,-0.942
1741743545.368,0.334,0.146,-0.942
1741743545.414,0.332,0.147,-0.941
1741743545.414,0.330,0.147,-0.939
1741743545.414,0.337,0.144,-0.941
1741743545.474,0.331,0.143,-0.940
1741743545.474,0.334,0.150,-0.941
1741743545.474,0.330,0.147,-0.944
1741743545.533,0.334,0.146,-0.939
1741743545.533,0.329,0.143,-0.943
1741743545.533,0.336,0.144,-0.943
1741743545.593,0.330,0.151,-0.944
1741743545.593,0.333,0.143,-0.940
1741743545.593,0.333,0.145,-0.940
1741743545.638,0.329,0.144,-0.941
1741743545.638,0.332,0.144,-0.944
1741743545.638,0.334,0.147,-0.942
1741743545.699,0.329,0.149,-0.945
1741743545.699,0.332,0.150,-0.940
1741743545.699,0.335,0.146,-0.940
1741743545.758,0.331,0.148,-0.938
1741743545.758,0.334,0.147,-0.944
1741743545.758,0.334,0.151,-0.940
1741743545.807,0.332,0.147,-0.941
1741743545.807,0.335,0.146,-0.938
1741743545.807,0.331,0.146,-0.939
1741743545.864,0.327,0.148,-0.942
1741743545.864,0.336,0.144,-0.938
1741743545.864,0.330,0.146,-0.940
1741743545.926,0.333,0.148,-0.940
1741743545.926,0.330,0.149,-0.936
1741743545.926,0.332,0.146,-0.942
1741743545.984,0.331,0.146,-0.942
1741743545.984,0.334,0.147,-0.944
1741743545.984,0.329,0.146,-0.942
1741743546.044,0.332,0.148,-0.936
1741743546.044,0.332,0.144,-0.943
1741743546.044,0.332,0.150,-0.943
1741743546.092,0.337,0.147,-0.941
1741743546.092,0.329,0.150,-0.941
1741743546.092,0.331,0.147,-0.942
1741743546.149,0.327,0.144,-0.940
1741743546.149,0.336,0.146,-0.943
1741743546.149,0.332,0.146,-0.940
1741743546.208,0.332,0.145,-0.939
1741743546.208,0.331,0.148,-0.942
1741743546.208,0.332,0.147,-0.940
1741743546.269,0.331,0.147,-0.939
1741743546.269,0.330,0.144,-0.943
1741743546.269,0.332,0.143,-0.941
1741743546.331,0.335,0.144,-0.944
1741743546.331,0.335,0.146,-0.940
1741743546.331,0.334,0.145,-0.942
1741743546.392,0.332,0.145,-0.942
1741743546.392,0.334,0.147,-0.940
1741743546.392,0.331,0.146,-0.941
1741743546.434,0.336,0.143,-0.943
1741743546.434,0.330,0.145,-0.943
1741743546.434,0.330,0.147,-0.940
1741743546.494,0.331,0.145,-0.942
1741743546.494,0.333,0.147,-0.941
1741743546.494,0.328,0.149,-0.941
1741743546.554,0.332,0.148,-0.942
1741743546.554,0.332,0.145,-0.941
1741743546.554,0.333,0.145,-0.942
1741743546.602,0.337,0.147,-0.944
1741743546.602,0.330,0.145,-0.940
1741743546.602,0.331,0.145,-0.943
1741743546.659,0.334,0.151,-0.941
1741743546.659,0.331,0.148,-0.945
1741743546.659,0.330,0.148,-0.940
1741743546.718,0.332,0.148,-0.942
1741743546.718,0.329,0.145,-0.937
1741743546.718,0.333,0.147,-0.944
1741743546.779,0.333,0.146,-0.943
1741743546.779,0.335,0.149,-0.939
1741743546.779,0.336,0.148,-0.941
1741743546.824,0.331,0.148,-0.945
1741743546.824,0.335,0.148,-0.941
1741743546.824,0.331,0.145,-0.942
1741743546.887,0.330,0.146,-0.940
1741743546.887,0.329,0.150,-0.941
1741743546.887,0.333,0.148,-0.940
1741743546.946,0.332,0.146,-0.941
1741743546.946,0.334,0.143,-0.941
1741743546.946,0.335,0.150,-0.939
1741743547.004,0.332,0.148,-0.940
1741743547.004,0.331,0.149,-0.941
1741743547.004,0.333,0.146,-0.939
1741743547.049,0.335,0.150,-0.941
1741743547.049,0.334,0.147,-0.940
1741743547.049,0.333,0.148,-0.941
1741743547.110,0.334,0.150,-0.940
1741743547.110,0.334,0.144,-0.940
1741743547.110,0.329,0.147,-0.941
1741743547.173,0.328,0.148,-0.941
1741743547.173,0.333,0.147,-0.945
1741743547.173,0.331,0.149,-0.940
1741743547.229,0.333,0.148,-0.942
1741743547.229,0.333,0.147,-0.945
1741743547.229,0.333,0.145,-0.945
1741743547.289,0.330,0.149,-0.936
1741743547.289,0.333,0.148,-0.945
1741743547.289,0.329,0.146,-0.938
1741743547.335,0.329,0.148,-0.943
1741743547.335,0.330,0.144,-0.945
1741743547.335,0.334,0.146,-0.936
1741743547.395,0.331,0.147,-0.942
1741743547.395,0.335,0.146,-0.941
1741743547.395,0.335,0.146,-0.938
1741743547.456,0.333,0.148,-0.945
1741743547.456,0.334,0.148,-0.941
1741743547.456,0.331,0.146,-0.938
1741743547.517,0.329,0.146,-0.942
1741743547.517,0.329,0.146,-0.942
1741743547.517,0.333,0.148,-0.939
1741743547.559,0.333,0.148,-0.941
1741743547.559,0.333,0.148,-0.939
1741743547.559,0.329,0.148,-0.942
1741743547.619,0.328,0.147,-0.940
1741743547.619,0.333,0.147,-0.941
1741743547.619,0.333,0.146,-0.942
1741743547.679,0.333,0.147,-0.941
1741743547.679,0.331,0.146,-0.941
1741743547.679,0.331,0.144,-0.937
1741743547.727,0.333,0.149,-0.944
1741743547.727,0.330,0.149,-0.943
1741743547.727,0.328,0.147,-0.944
1741743547.784,0.332,0.149,-0.940
1741743547.784,0.334,0.147,-0.941
1741743547.784,0.328,0.147,-0.941
1741743547.844,0.331,0.147,-0.939
1741743547.844,0.333,0.148,-0.940
1741743547.844,0.335,0.150,-0.944
1741743547.904,0.330,0.145,-0.944
1741743547.904,0.331,0.151,-0.944
1741743547.904,0.331,0.145,-0.941
1741743547.965,0.333,0.144,-0.943
1741743547.965,0.331,0.144,-0.942
1741743547.965,0.332,0.149,-0.939
1741743548.012,0.331,0.147,-0.941
1741743548.012,0.330,0.144,-0.942
1741743548.012,0.333,0.148,-0.945
1741743548.069,0.335,0.145,-0.941
1741743548.069,0.332,0.145,-0.939
1741743548.069,0.329,0.147,-0.939
1741743548.144,0.326,0.143,-0.943
1741743548.144,0.330,0.147,-0.944
1741743548.144,0.334,0.148,-0.941
1741743548.191,0.330,0.143,-0.940
1741743548.191,0.332,0.143,-0.943
1741743548.191,0.332,0.146,-0.942
1741743548.249,0.332,0.144,-0.940
1741743548.249,0.334,0.144,-0.940
1741743548.249,0.328,0.149,-0.940
1741743548.297,0.328,0.144,-0.940
1741743548.297,0.328,0.145,-0.942
1741743548.297,0.333,0.147,-0.941
1741743548.354,0.334,0.146,-0.943
1741743548.354,0.330,0.146,-0.939
1741743548.354,0.329,0.146,-0.940
1741743548.414,0.332,0.149,-0.944
1741743548.414,0.331,0.145,-0.940
1741743548.414,0.330,0.149,-0.944
1741743548.474,0.335,0.144,-0.941
1741743548.474,0.327,0.148,-0.941
1741743548.474,0.330,0.148,-0.943
1741743548.519,0.330,0.150,-0.939
1741743548.519,0.328,0.148,-0.937
1741743548.519,0.331,0.147,-0.939
1741743548.582,0.332,0.143,-0.939
1741743548.582,0.332,0.148,-0.941
1741743548.582,0.331,0.143,-0.942
1741743548.639,0.329,0.147,-0.938
1741743548.639,0.331,0.149,-0.943
1741743548.639,0.328,0.151,-0.942
1741743548.714,0.334,0.149,-0.945
1741743548.714,0.330,0.147,-0.943
1741743548.714,0.334,0.150,-0.940
1741743548.744,0.331,0.145,-0.941
1741743548.744,0.330,0.146,-0.938
1741743548.744,0.328,0.145,-0.944
1741743548.808,0.333,0.146,-0.943
1741743548.808,0.334,0.146,-0.941
1741743548.808,0.332,0.145,-0.940
1741743548.866,0.336,0.144,-0.941
1741743548.866,0.331,0.145,-0.937
1741743548.866,0.331,0.146,-0.942
1741743548.925,0.335,0.148,-0.945
1741743548.925,0.332,0.147,-0.939
1741743548.925,0.335,0.147,-0.942
1741743548.969,0.331,0.148,-0.945
1741743548.969,0.332,0.145,-0.942
1741743548.969,0.333,0.147,-0.943
1741743549.029,0.327,0.151,-0.939
1741743549.029,0.332,0.147,-0.941
1741743549.029,0.336,0.147,-0.943
1741743549.106,0.330,0.144,-0.941
1741743549.106,0.327,0.149,-0.937
1741743549.106,0.331,0.149,-0.943
1741743549.149,0.332,0.148,-0.943
1741743549.149,0.331,0.148,-0.940
1741743549.149,0.329,0.153,-0.941
1741743549.194,0.331,0.145,-0.944
1741743549.194,0.330,0.149,-0.937
1741743549.194,0.331,0.145,-0.942
1741743549.254,0.330,0.147,-0.943
1741743549.254,0.331,0.146,-0.941
1741743549.254,0.330,0.147,-0.937
1741743549.314,0.331,0.140,-0.945
1741743549.314,0.335,0.149,-0.943
1741743549.314,0.331,0.150,-0.941
1741743549.377,0.332,0.144,-0.938
1741743549.377,0.333,0.145,-0.938
1741743549.377,0.294,0.143,-0.854
1741743549.422,0.389,0.159,-1.050
1741743549.422,0.260,0.190,-0.919
1741743549.422,0.334,0.148,-0.925
1741743549.479,0.289,0.150,-0.899
1741743549.479,0.366,0.147,-0.911
1741743549.479,0.321,0.170,-0.969
1741743549.540,0.317,0.163,-0.937
1741743549.540,0.329,0.150,-0.930
1741743549.540,0.331,0.141,-0.954
1741743549.599,0.334,0.155,-0.939
1741743549.599,0.339,0.139,-0.946
1741743549.599,0.348,0.135,-0.932
1741743549.658,0.334,0.149,-0.936
1741743549.658,0.322,0.164,-0.954
1741743549.658,0.339,0.142,-0.942
1741743549.707,0.341,0.132,-0.933
1741743549.707,0.333,0.141,-0.939
1741743549.707,0.324,0.155,-0.950
1741743549.765,0.330,0.147,-0.946
1741743549.765,0.333,0.147,-0.930
1741743549.765,0.331,0.147,-0.945
1741743549.824,0.335,0.148,-0.944
1741743549.824,0.337,0.142,-0.937
1741743549.824,0.333,0.144,-0.942
1741743549.884,0.332,0.149,-0.943
1741743549.884,0.330,0.149,-0.944
1741743549.884,0.337,0.144,-0.936
1741743549.935,0.336,0.138,-0.935
1741743549.935,0.334,0.146,-0.943
1741743549.935,0.331,0.150,-0.948
1741743549.990,0.335,0.147,-0.943
1741743549.990,0.331,0.148,-0.938
1741743549.990,0.331,0.150,-0.946
1741743550.049,0.334,0.145,-0.941
1741743550.049,0.336,0.146,-0.939
1741743550.049,0.331,0.148,-0.938
1741743550.109,0.332,0.146,-0.941
1741743550.169,0.332,0.147,-0.938
1741743550.169,0.330,0.148,-0.944
1741743550.169,0.336,0.150,-0.943
1741743550.218,0.337,0.146,-0.939
1741743550.218,0.331,0.145,-0.938
1741743550.218,0.334,0.146,-0.945
1741743550.275,0.332,0.146,-0.942
1741743550.275,0.331,0.147,-0.939
1741743550.275,0.333,0.149,-0.941
1741743550.334,0.335,0.144,-0.939
1741743550.334,0.336,0.150,-0.938
1741743550.334,0.333,0.142,-0.939
1741743550.393,0.333,0.145,-0.943
1741743550.393,0.328,0.148,-0.946
1741743550.393,0.335,0.148,-0.941
1741743550.440,0.336,0.144,-0.939
1741743550.440,0.330,0.142,-0.938
1741743550.440,0.335,0.146,-0.945
1741743550.504,0.337,0.147,-0.941
1741743550.504,0.334,0.145,-0.942
1741743550.504,0.332,0.152,-0.942
1741743550.560,0.332,0.147,-0.940
1741743550.560,0.331,0.143,-0.940
1741743550.560,0.330,0.147,-0.938
1741743550.619,0.330,0.143,-0.942
1741743550.619,0.336,0.142,-0.941
1741743550.619,0.333,0.146,-0.939
1741743550.664,0.331,0.146,-0.940
1741743550.664,0.332,0.142,-0.943
1741743550.664,0.332,0.148,-0.938
1741743550.724,0.333,0.145,-0.940
1741743550.724,0.335,0.146,-0.940
1741743550.724,0.331,0.146,-0.943
1741743550.783,0.333,0.147,-0.944
1741743550.783,0.331,0.146,-0.945
1741743550.783,0.333,0.146,-0.941
1741743550.844,0.334,0.146,-0.942
1741743550.844,0.335,0.147,-0.943
1741743550.844,0.333,0.146,-0.937
1741743550.889,0.335,0.145,-0.942
1741743550.889,0.328,0.145,-0.938
1741743550.889,0.333,0.146,-0.940
1741743550.950,0.334,0.144,-0.945
1741743550.950,0.335,0.144,-0.942
1741743550.950,0.332,0.146,-0.941
1741743551.009,0.334,0.148,-0.942
1741743551.009,0.335,0.147,-0.939
1741743551.009,0.331,0.146,-0.945
1741743551.069,0.333,0.146,-0.942
1741743551.069,0.334,0.145,-0.944
1741743551.069,0.332,0.149,-0.938
1741743551.116,0.334,0.142,-0.940
1741743551.116,0.335,0.145,-0.935
1741743551.116,0.329,0.144,-0.940
1741743551.174,0.335,0.147,-0.943
1741743551.174,0.335,0.147,-0.941
1741743551.174,0.336,0.144,-0.943
1741743551.235,0.335,0.143,-0.942
1741743551.235,0.336,0.146,-0.943
1741743551.235,0.330,0.147,-0.941
1741743551.297,0.332,0.140,-0.943
1741743551.297,0.340,0.146,-0.941
1741743551.297,0.332,0.145,-0.939
1741743551.343,0.333,0.143,-0.945
1741743551.343,0.328,0.148,-0.936
1741743551.343,0.333,0.145,-0.941
1741743551.399,0.333,0.147,-0.940
1741743551.399,0.333,0.150,-0.942
1741743551.399,0.331,0.145,-0.942
1741743551.459,0.329,0.147,-0.940
1741743551.459,0.332,0.147,-0.943
1741743551.459,0.329,0.146,-0.940
1741743551.522,0.333,0.144,-0.941
1741743551.522,0.332,0.148,-0.942
1741743551.522,0.333,0.147,-0.945
1741743551.580,0.333,0.145,-0.943
1741743551.580,0.332,0.149,-0.942
1741743551.580,0.333,0.146,-0.943
1741743551.647,0.337,0.148,-0.936
1741743551.647,0.333,0.145,-0.937
1741743551.647,0.334,0.152,-0.941
1741743551.684,0.332,0.147,-0.941
1741743551.684,0.332,0.145,-0.940
1741743551.684,0.333,0.148,-0.942
1741743551.745,0.331,0.149,-0.943
1741743551.745,0.333,0.145,-0.941
1741743551.745,0.334,0.143,-0.940
1741743551.805,0.331,0.146,-0.942
1741743551.805,0.335,0.144,-0.942
1741743551.805,0.330,0.144,-0.939
1741743551.853,0.331,0.145,-0.940
1741743551.853,0.335,0.144,-0.943
1741743551.853,0.329,0.142,-0.937
1741743551.909,0.333,0.147,-0.943
1741743551.909,0.332,0.146,-0.940
1741743551.909,0.332,0.145,-0.941
1741743551.969,0.333,0.144,-0.937
1741743551.969,0.333,0.149,-0.943
1741743551.969,0.331,0.140,-0.944
1741743552.030,0.331,0.142,-0.939
1741743552.030,0.329,0.144,-0.941
1741743552.030,0.332,0.143,-0.941
1741743552.091,0.335,0.146,-0.941
1741743552.091,0.332,0.144,-0.942
1741743552.091,0.331,0.145,-0.942
1741743552.137,0.330,0.151,-0.940
1741743552.137,0.334,0.148,-0.941
1741743552.137,0.328,0.141,-0.941
1741743552.195,0.332,0.148,-0.939
1741743552.195,0.329,0.151,-0.943
1741743552.195,0.336,0.147,-0.942
1741743552.254,0.332,0.148,-0.940
1741743552.254,0.336,0.145,-0.939
1741743552.254,0.333,0.145,-0.942
1741743552.314,0.336,0.148,-0.940
1741743552.314,0.332,0.147,-0.939
1741743552.314,0.335,0.147,-0.945
1741743552.359,0.337,0.146,-0.942
1741743552.359,0.332,0.147,-0.940
1741743552.359,0.335,0.145,-0.941
1741743552.422,0.330,0.147,-0.941
1741743552.422,0.333,0.149,-0.938
1741743552.422,0.334,0.148,-0.939
1741743552.479,0.335,0.147,-0.941
1741743552.479,0.335,0.149,-0.943
1741743552.479,0.328,0.144,-0.938
1741743552.539,0.333,0.145,-0.940
1741743552.539,0.332,0.144,-0.939
1741743552.539,0.331,0.145,-0.941
1741743552.584,0.333,0.144,-0.941
1741743552.584,0.336,0.150,-0.942
1741743552.584,0.332,0.148,-0.939
1741743552.645,0.333,0.143,-0.941
1741743552.645,0.333,0.143,-0.944
1741743552.645,0.333,0.146,-0.943
1741743552.706,0.333,0.146,-0.943
1741743552.706,0.331,0.148,-0.939
1741743552.706,0.333,0.148,-0.942
1741743552.752,0.333,0.151,-0.945
1741743552.752,0.334,0.145,-0.939
1741743552.752,0.333,0.144,-0.939
1741743552.810,0.332,0.145,-0.940
1741743552.810,0.333,0.144,-0.941
1741743552.810,0.333,0.150,-0.943
1741743552.869,0.333,0.144,-0.939
1741743552.869,0.333,0.143,-0.942
1741743552.869,0.331,0.149,-0.943
1741743552.930,0.330,0.144,-0.940
1741743552.930,0.330,0.143,-0.939
1741743552.930,0.335,0.146,-0.940
1741743552.978,0.334,0.146,-0.938
1741743552.978,0.335,0.147,-0.943
1741743552.978,0.331,0.149,-0.938
1741743553.034,0.330,0.141,-0.940
1741743553.034,0.331,0.149,-0.944
1741743553.034,0.331,0.141,-0.943
1741743553.094,0.329,0.150,-0.942
1741743553.094,0.334,0.146,-0.939
1741743553.094,0.332,0.147,-0.941
1741743553.154,0.333,0.146,-0.943
1741743553.154,0.334,0.147,-0.941
1741743553.154,0.330,0.149,-0.940
1741743553.215,0.332,0.145,-0.942
1741743553.215,0.331,0.146,-0.939
1741743553.215,0.339,0.174,-0.950
1741743553.273,0.343,0.149,-0.952
1741743553.273,0.338,0.138,-0.953
1741743553.273,0.328,0.132,-0.948
1741743553.320,0.328,0.143,-0.929
1741743553.320,0.328,0.150,-0.928
1741743553.320,0.333,0.156,-0.942
1741743553.379,0.336,0.149,-0.952
1741743553.379,0.331,0.136,-0.949
1741743553.379,0.329,0.135,-0.938
1741743553.440,0.328,0.148,-0.926
1741743553.440,0.333,0.158,-0.935
1741743553.440,0.340,0.157,-0.944
1741743553.499,0.337,0.144,-0.953
1741743553.499,0.329,0.131,-0.945
1741743553.499,0.327,0.140,-0.934
1741743553.560,0.328,0.144,-0.930
1741743553.560,0.331,0.157,-0.936
1741743553.560,0.340,0.151,-0.947
1741743553.604,0.335,0.139,-0.954
1741743553.604,0.326,0.131,-0.947
1741743553.604,0.330,0.150,-0.936
1741743553.664,0.331,0.146,-0.941
1741743553.664,0.335,0.144,-0.942
1741743553.664,0.332,0.146,-0.941
1741743553.725,0.331,0.149,-0.938
1741743553.725,0.333,0.147,-0.938
1741743553.725,0.334,0.144,-0.939
1741743553.790,0.331,0.146,-0.941
1741743553.790,0.334,0.147,-0.937
1741743553.790,0.334,0.146,-0.937
1741743553.831,0.333,0.144,-0.946
1741743553.831,0.333,0.147,-0.940
1741743553.831,0.333,0.145,-0.943
1741743553.890,0.328,0.146,-0.944
1741743553.890,0.329,0.148,-0.941
1741743553.890,0.331,0.149,-0.941
1741743553.950,0.331,0.145,-0.940
1741743553.950,0.333,0.141,-0.943
1741743553.950,0.329,0.146,-0.941
1741743553.994,0.330,0.145,-0.943
1741743553.994,0.332,0.146,-0.941
1741743553.994,0.332,0.143,-0.938
1741743554.059,0.327,0.145,-0.941
1741743554.059,0.332,0.148,-0.946
1741743554.059,0.334,0.146,-0.940
1741743554.114,0.335,0.143,-0.941
1741743554.114,0.330,0.147,-0.939
1741743554.114,0.330,0.141,-0.942
1741743554.175,0.336,0.145,-0.938
1741743554.175,0.333,0.148,-0.939
1741743554.175,0.330,0.145,-0.940
1741743554.219,0.332,0.148,-0.941
1741743554.219,0.333,0.145,-0.939
1741743554.219,0.332,0.147,-0.940
1741743554.279,0.336,0.147,-0.939
1741743554.279,0.332,0.145,-0.944
1741743554.279,0.331,0.147,-0.945
1741743554.342,0.331,0.144,-0.941
1741743554.342,0.335,0.147,-0.941
1741743554.342,0.334,0.146,-0.942
1741743554.399,0.335,0.145,-0.939
1741743554.399,0.331,0.144,-0.940
1741743554.399,0.331,0.145,-0.940
1741743554.459,0.332,0.146,-0.940
1741743554.459,0.330,0.145,-0.943
1741743554.459,0.332,0.146,-0.940
1741743554.504,0.328,0.146,-0.939
1741743554.504,0.336,0.148,-0.940
1741743554.504,0.333,0.148,-0.940
1741743554.565,0.335,0.146,-0.939
1741743554.565,0.335,0.148,-0.941
1741743554.565,0.331,0.146,-0.942
1741743554.627,0.331,0.149,-0.940
1741743554.627,0.330,0.150,-0.942
1741743554.627,0.333,0.149,-0.941
1741743554.672,0.334,0.147,-0.939
1741743554.672,0.329,0.151,-0.939
1741743554.672,0.335,0.149,-0.944
1741743554.729,0.333,0.150,-0.943
1741743554.729,0.331,0.150,-0.942
1741743554.729,0.331,0.148,-0.944
1741743554.789,0.335,0.147,-0.938
1741743554.789,0.333,0.148,-0.939
1741743554.789,0.332,0.144,-0.940
1741743554.849,0.335,0.147,-0.936
1741743554.849,0.330,0.144,-0.943
1741743554.849,0.333,0.150,-0.945
1741743554.896,0.336,0.146,-0.949
1741743554.896,0.336,0.149,-0.947
1741743554.896,0.331,0.150,-0.950
1741743554.956,0.336,0.147,-0.945
1741743554.956,0.330,0.144,-0.942
1741743554.956,0.333,0.144,-0.943
1741743555.014,0.332,0.148,-0.945
1741743555.014,0.332,0.147,-0.943
1741743555.014,0.331,0.146,-0.939
1741743555.074,0.332,0.146,-0.940
1741743555.074,0.331,0.147,-0.943
1741743555.074,0.334,0.147,-0.942
1741743555.135,0.332,0.146,-0.941
1741743555.183,0.328,0.144,-0.941
1741743555.183,0.331,0.145,-0.940
1741743555.183,0.333,0.148,-0.944
1741743555.242,0.333,0.148,-0.941
1741743555.242,0.330,0.154,-0.943
1741743555.242,0.337,0.148,-0.944
1741743555.300,0.331,0.148,-0.943
1741743555.300,0.334,0.144,-0.942
1741743555.300,0.331,0.148,-0.942
1741743555.360,0.330,0.146,-0.939
1741743555.360,0.335,0.145,-0.945
1741743555.360,0.332,0.147,-0.941
1741743555.418,0.335,0.143,-0.943
1741743555.418,0.336,0.147,-0.941
1741743555.418,0.333,0.146,-0.944
1741743555.467,0.333,0.142,-0.940
1741743555.467,0.331,0.142,-0.941
1741743555.467,0.335,0.146,-0.940
1741743555.524,0.336,0.148,-0.942
1741743555.524,0.335,0.145,-0.943
1741743555.524,0.335,0.147,-0.940
1741743555.585,0.333,0.147,-0.939
1741743555.585,0.334,0.146,-0.946
1741743555.585,0.333,0.146,-0.941
1741743555.645,0.332,0.147,-0.940
1741743555.645,0.331,0.147,-0.941
1741743555.645,0.334,0.145,-0.939
1741743555.689,0.329,0.149,-0.943
1741743555.689,0.330,0.147,-0.941
1741743555.689,0.329,0.149,-0.936
1741743555.781,0.333,0.146,-0.943
1741743555.781,0.334,0.146,-0.939
1741743555.781,0.332,0.148,-0.943
1741743555.810,0.331,0.145,-0.939
1741743555.810,0.332,0.143,-0.941
1741743555.810,0.337,0.142,-0.941
1741743555.870,0.332,0.143,-0.941
1741743555.870,0.331,0.147,-0.942
1741743555.870,0.326,0.147,-0.941
1741743555.914,0.333,0.149,-0.939
1741743555.914,0.333,0.146,-0.939
1741743555.914,0.330,0.151,-0.942
1741743555.974,0.332,0.145,-0.940
1741743555.974,0.334,0.144,-0.944
1741743555.974,0.331,0.149,-0.942
1741743556.034,0.335,0.147,-0.941
1741743556.034,0.329,0.142,-0.939
1741743556.034,0.334,0.144,-0.941
1741743556.093,0.331,0.146,-0.940
1741743556.093,0.332,0.147,-0.938
1741743556.093,0.337,0.145,-0.940
1741743556.139,0.331,0.145,-0.939
1741743556.139,0.329,0.147,-0.940
1741743556.139,0.335,0.147,-0.939
1741743556.199,0.330,0.143,-0.941
1741743556.199,0.336,0.143,-0.941
1741743556.199,0.332,0.144,-0.939
1741743556.263,0.329,0.150,-0.941
1741743556.263,0.331,0.143,-0.939
1741743556.263,0.330,0.145,-0.945
1741743556.319,0.332,0.149,-0.940
1741743556.319,0.330,0.151,-0.946
1741743556.319,0.334,0.144,-0.940
1741743556.379,0.329,0.148,-0.942
1741743556.379,0.332,0.148,-0.942
1741743556.379,0.336,0.145,-0.942
1741743556.424,0.334,0.145,-0.944
1741743556.424,0.332,0.144,-0.942
1741743556.424,0.331,0.144,-0.940
1741743556.484,0.338,0.143,-0.938
1741743556.484,0.335,0.150,-0.938
1741743556.484,0.333,0.142,-0.941
1741743556.546,0.333,0.149,-0.943
1741743556.546,0.332,0.146,-0.943
1741743556.546,0.331,0.146,-0.939
1741743556.591,0.328,0.146,-0.939
1741743556.591,0.333,0.146,-0.939
1741743556.591,0.334,0.145,-0.938
1741743556.649,0.332,0.144,-0.940
1741743556.649,0.331,0.147,-0.942
1741743556.649,0.334,0.145,-0.940
1741743556.709,0.333,0.147,-0.941
1741743556.709,0.335,0.144,-0.943
1741743556.709,0.330,0.150,-0.943
1741743556.770,0.334,0.146,-0.938
1741743556.770,0.335,0.150,-0.939
1741743556.770,0.330,0.146,-0.943
1741743556.830,0.331,0.145,-0.938
1741743556.830,0.332,0.145,-0.945
1741743556.830,0.331,0.146,-0.943
1741743556.877,0.332,0.149,-0.946
1741743556.877,0.331,0.148,-0.943
1741743556.877,0.333,0.149,-0.936
1741743556.934,0.331,0.146,-0.938
1741743556.934,0.333,0.148,-0.943
1741743556.934,0.333,0.142,-0.942
1741743556.994,0.332,0.149,-0.942
1741743556.994,0.333,0.144,-0.943
1741743556.994,0.327,0.146,-0.942
1741743557.055,0.330,0.147,-0.938
1741743557.055,0.336,0.147,-0.941
1741743557.055,0.333,0.144,-0.941
1741743557.103,0.333,0.146,-0.941
1741743557.103,0.333,0.146,-0.942
1741743557.103,0.335,0.148,-0.940
1741743557.159,0.331,0.143,-0.936
1741743557.159,0.336,0.151,-0.940
1741743557.159,0.330,0.147,-0.941
1741743557.219,0.333,0.144,-0.939
1741743557.219,0.332,0.144,-0.941
1741743557.219,0.332,0.147,-0.939
1741743557.280,0.331,0.144,-0.942
1741743557.280,0.333,0.147,-0.942
1741743557.280,0.331,0.146,-0.942
1741743557.339,0.332,0.145,-0.945
1741743557.339,0.328,0.149,-0.940
1741743557.339,0.332,0.146,-0.943
1741743557.387,0.328,0.147,-0.939
1741743557.387,0.333,0.145,-0.945
1741743557.387,0.328,0.142,-0.940
1741743557.444,0.334,0.145,-0.938
1741743557.444,0.331,0.149,-0.942
1741743557.444,0.333,0.147,-0.941
1741743557.503,0.332,0.145,-0.940
1741743557.503,0.329,0.147,-0.939
1741743557.503,0.332,0.146,-0.942
1741743557.565,0.331,0.146,-0.939
1741743557.565,0.330,0.148,-0.939
1741743557.565,0.335,0.150,-0.939
1741743557.609,0.332,0.149,-0.940
1741743557.609,0.332,0.146,-0.938
1741743557.609,0.335,0.147,-0.940
1741743557.672,0.335,0.143,-0.942
1741743557.672,0.332,0.150,-0.940
1741743557.672,0.332,0.143,-0.944
1741743557.729,0.333,0.149,-0.943
1741743557.729,0.333,0.147,-0.938
1741743557.729,0.333,0.142,-0.937
1741743557.789,0.333,0.147,-0.940
1741743557.789,0.333,0.146,-0.942
1741743557.789,0.336,0.144,-0.943
1741743557.834,0.335,0.145,-0.944
1741743557.834,0.334,0.144,-0.941
1741743557.834,0.332,0.140,-0.946
1741743557.895,0.330,0.144,-0.944
1741743557.895,0.332,0.143,-0.942
1741743557.895,0.333,0.149,-0.940
1741743557.955,0.331,0.147,-0.940
1741743557.955,0.335,0.145,-0.941
1741743557.955,0.334,0.147,-0.938
1741743558.015,0.333,0.145,-0.943
1741743558.015,0.332,0.144,-0.943
1741743558.015,0.334,0.150,-0.941
1741743558.073,0.336,0.145,-0.944
1741743558.073,0.335,0.147,-0.941
1741743558.073,0.335,0.145,-0.942
1741743558.119,0.335,0.146,-0.946
1741743558.119,0.335,0.146,-0.943
1741743558.119,0.330,0.147,-0.939
1741743558.180,0.334,0.143,-0.939
1741743558.180,0.333,0.144,-0.940
1741743558.180,0.329,0.143,-0.944
1741743558.240,0.335,0.145,-0.941
1741743558.240,0.331,0.148,-0.939
1741743558.240,0.334,0.147,-0.942
1741743558.298,0.332,0.145,-0.939
1741743558.298,0.332,0.147,-0.941
1741743558.298,0.331,0.146,-0.945
1741743558.345,0.338,0.147,-0.944
1741743558.345,0.331,0.148,-0.943
1741743558.345,0.330,0.143,-0.942
1741743558.404,0.332,0.146,-0.941
1741743558.404,0.333,0.147,-0.944
1741743558.404,0.331,0.144,-0.941
1741743558.481,0.333,0.146,-0.939
1741743558.481,0.331,0.144,-0.941
1741743558.481,0.330,0.141,-0.940
1741743558.527,0.332,0.144,-0.942
1741743558.527,0.334,0.146,-0.944
1741743558.527,0.329,0.147,-0.939
1741743558.569,0.333,0.148,-0.939
1741743558.569,0.333,0.142,-0.942
1741743558.569,0.334,0.146,-0.942
1741743558.630,0.335,0.147,-0.942
1741743558.630,0.333,0.146,-0.938
1741743558.630,0.331,0.144,-0.940
1741743558.690,0.330,0.147,-0.939
1741743558.690,0.331,0.147,-0.942
1741743558.690,0.332,0.147,-0.940
1741743558.752,0.332,0.143,-0.940
1741743558.752,0.332,0.147,-0.945
1741743558.752,0.334,0.148,-0.942
1741743558.799,0.333,0.146,-0.940
1741743558.799,0.329,0.145,-0.942
1741743558.799,0.334,0.147,-0.941
1741743558.854,0.328,0.148,-0.940
1741743558.854,0.332,0.150,-0.937
1741743558.854,0.332,0.148,-0.939
1741743558.914,0.334,0.146,-0.940
1741743558.914,0.333,0.145,-0.936
1741743558.914,0.333,0.146,-0.942
1741743558.976,0.331,0.148,-0.943
1741743558.976,0.335,0.145,-0.944
1741743558.976,0.336,0.146,-0.943
1741743559.023,0.331,0.146,-0.940
1741743559.023,0.334,0.144,-0.941
1741743559.023,0.329,0.145,-0.937
1741743559.081,0.329,0.147,-0.940
1741743559.081,0.332,0.142,-0.942
1741743559.081,0.333,0.145,-0.938
1741743559.139,0.333,0.149,-0.938
1741743559.139,0.333,0.143,-0.943
1741743559.139,0.333,0.146,-0.940
1741743559.200,0.335,0.148,-0.943
1741743559.200,0.327,0.143,-0.941
1741743559.200,0.333,0.142,-0.940
1741743559.244,0.335,0.145,-0.941
1741743559.244,0.332,0.141,-0.939
1741743559.244,0.334,0.144,-0.944
1741743559.320,0.333,0.148,-0.939
1741743559.320,0.334,0.150,-0.943
1741743559.320,0.331,0.145,-0.942
1741743559.364,0.335,0.145,-0.941
1741743559.364,0.333,0.143,-0.944
1741743559.364,0.332,0.153,-0.939
1741743559.424,0.331,0.144,-0.942
1741743559.424,0.334,0.144,-0.948
1741743559.424,0.332,0.149,-0.938
1741743559.484,0.331,0.146,-0.941
1741743559.484,0.336,0.147,-0.940
1741743559.484,0.335,0.144,-0.941
1741743559.529,0.336,0.145,-0.939
1741743559.529,0.330,0.146,-0.937
1741743559.529,0.331,0.148,-0.943
1741743559.593,0.330,0.150,-0.940
1741743559.593,0.334,0.147,-0.939
1741743559.593,0.332,0.146,-0.942
1741743559.650,0.332,0.147,-0.944
1741743559.650,0.332,0.144,-0.938
1741743559.650,0.329,0.147,-0.939
1741743559.709,0.331,0.143,-0.941
1741743559.709,0.331,0.148,-0.943
1741743559.709,0.337,0.145,-0.940
1741743559.754,0.333,0.148,-0.941
1741743559.754,0.331,0.148,-0.938
1741743559.754,0.335,0.144,-0.944
1741743559.814,0.336,0.144,-0.942
1741743559.814,0.331,0.143,-0.944
1741743559.814,0.331,0.148,-0.938
1741743559.876,0.335,0.150,-0.942
1741743559.876,0.335,0.149,-0.942
1741743559.876,0.333,0.146,-0.942
1741743559.923,0.331,0.146,-0.938
1741743559.923,0.331,0.146,-0.943
1741743559.923,0.335,0.146,-0.940
1741743559.980,0.331,0.145,-0.940
1741743559.980,0.333,0.146,-0.945
1741743559.980,0.333,0.147,-0.938
1741743560.040,0.331,0.148,-0.945
1741743560.040,0.333,0.148,-0.941
1741743560.040,0.333,0.145,-0.941
1741743560.099,0.332,0.145,-0.942
1741743560.099,0.332,0.144,-0.941
1741743560.099,0.336,0.144,-0.942
1741743560.159,0.332,0.146,-0.942
1741743560.219,0.331,0.150,-0.940
1741743560.219,0.330,0.145,-0.941
1741743560.219,0.334,0.147,-0.941
1741743560.264,0.332,0.146,-0.939
1741743560.264,0.335,0.144,-0.938
1741743560.264,0.336,0.149,-0.940
1741743560.340,0.335,0.145,-0.940
1741743560.340,0.331,0.146,-0.940
1741743560.340,0.333,0.146,-0.944
1741743560.384,0.331,0.150,-0.938
1741743560.384,0.330,0.147,-0.938
1741743560.384,0.333,0.148,-0.940
1741743560.447,0.331,0.147,-0.940
1741743560.447,0.335,0.146,-0.940
1741743560.447,0.332,0.147,-0.943
1741743560.489,0.331,0.144,-0.942
1741743560.489,0.337,0.148,-0.942
1741743560.489,0.333,0.146,-0.943
1741743560.549,0.331,0.148,-0.942
1741743560.549,0.330,0.145,-0.941
1741743560.549,0.330,0.146,-0.942
1741743560.609,0.330,0.144,-0.939
1741743560.609,0.337,0.144,-0.943
1741743560.609,0.332,0.149,-0.943
1741743560.669,0.329,0.143,-0.941
1741743560.669,0.330,0.146,-0.940
1741743560.669,0.333,0.147,-0.944
1741743560.718,0.334,0.147,-0.941
1741743560.718,0.331,0.145,-0.940
1741743560.718,0.333,0.145,-0.940
1741743560.777,0.332,0.144,-0.944
1741743560.777,0.332,0.144,-0.944
1741743560.777,0.331,0.147,-0.941
1741743560.835,0.334,0.145,-0.942
1741743560.835,0.333,0.145,-0.940
1741743560.835,0.334,0.145,-0.941
1741743560.894,0.332,0.148,-0.941
1741743560.894,0.332,0.144,-0.938
1741743560.894,0.331,0.147,-0.939
1741743560.956,0.332,0.145,-0.938
1741743560.956,0.331,0.147,-0.943
1741743560.956,0.331,0.144,-0.939
1741743561.001,0.333,0.145,-0.943
1741743561.001,0.330,0.144,-0.941
1741743561.001,0.334,0.143,-0.936
1741743561.060,0.332,0.149,-0.938
1741743561.060,0.333,0.149,-0.940
1741743561.060,0.331,0.145,-0.937
1741743561.120,0.334,0.149,-0.937
1741743561.120,0.335,0.144,-0.940
1741743561.120,0.331,0.143,-0.945
1741743561.164,0.329,0.143,-0.934
1741743561.164,0.332,0.143,-0.941
1741743561.164,0.330,0.146,-0.943
1741743561.226,0.336,0.148,-0.943
1741743561.226,0.331,0.145,-0.941
1741743561.226,0.331,0.142,-0.942
1741743561.284,0.333,0.144,-0.940
1741743561.284,0.336,0.148,-0.939
1741743561.284,0.331,0.151,-0.943
1741743561.344,0.332,0.148,-0.943
1741743561.344,0.335,0.147,-0.938
1741743561.344,0.336,0.148,-0.939
1741743561.404,0.329,0.144,-0.943
1741743561.404,0.333,0.149,-0.939
1741743561.404,0.329,0.147,-0.937
1741743561.449,0.334,0.146,-0.944
1741743561.449,0.333,0.145,-0.941
1741743561.449,0.337,0.145,-0.938
1741743561.513,0.333,0.144,-0.941
1741743561.513,0.333,0.145,-0.941
1741743561.513,0.333,0.145,-0.943
1741743561.569,0.331,0.141,-0.939
1741743561.569,0.335,0.145,-0.941
1741743561.569,0.332,0.145,-0.942
1741743561.629,0.335,0.145,-0.939
1741743561.629,0.329,0.147,-0.942
1741743561.629,0.333,0.144,-0.941
1741743561.675,0.333,0.144,-0.942
1741743561.675,0.332,0.144,-0.940
1741743561.675,0.331,0.143,-0.942
1741743561.735,0.330,0.151,-0.939
1741743561.735,0.333,0.149,-0.942
1741743561.735,0.329,0.149,-0.939
1741743561.799,0.329,0.144,-0.944
1741743561.799,0.330,0.146,-0.942
1741743561.799,0.333,0.146,-0.943
1741743561.865,0.331,0.144,-0.939
1741743561.865,0.332,0.144,-0.940
1741743561.865,0.338,0.148,-0.940
1741743561.900,0.331,0.146,-0.942
1741743561.900,0.334,0.148,-0.941
1741743561.900,0.332,0.150,-0.939
1741743561.959,0.334,0.144,-0.941
1741743561.959,0.333,0.141,-0.942
1741743561.959,0.331,0.150,-0.940
1741743562.020,0.335,0.148,-0.947
1741743562.020,0.331,0.148,-0.944
1741743562.020,0.331,0.145,-0.941
1741743562.079,0.332,0.145,-0.942
1741743562.079,0.335,0.146,-0.939
1741743562.079,0.335,0.146,-0.940
1741743562.126,0.336,0.149,-0.940
1741743562.126,0.330,0.150,-0.939
1741743562.126,0.335,0.144,-0.939
1741743562.184,0.332,0.146,-0.941
1741743562.184,0.329,0.150,-0.943
1741743562.184,0.334,0.142,-0.941
1741743562.245,0.335,0.149,-0.943
1741743562.245,0.332,0.146,-0.942
1741743562.245,0.338,0.149,-0.937
1741743562.305,0.334,0.144,-0.941
1741743562.305,0.334,0.148,-0.940
1741743562.305,0.336,0.149,-0.939
1741743562.364,0.336,0.143,-0.946
1741743562.364,0.330,0.149,-0.938
1741743562.364,0.336,0.146,-0.939
1741743562.410,0.335,0.146,-0.942
1741743562.410,0.331,0.148,-0.946
1741743562.410,0.334,0.148,-0.938
1741743562.470,0.329,0.149,-0.943
1741743562.470,0.332,0.143,-0.938
1741743562.470,0.336,0.147,-0.955
1741743562.529,0.331,0.145,-0.945
1741743562.529,0.329,0.145,-0.909
1741743562.529,0.319,0.142,-0.950
1741743562.588,0.321,0.157,-0.949
1741743562.588,0.333,0.157,-0.911
1741743562.588,0.318,0.148,-0.923
1741743562.652,0.345,0.153,-0.951
1741743562.652,0.333,0.148,-0.929
1741743562.652,0.321,0.150,-0.939
1741743562.694,0.340,0.149,-0.942
1741743562.694,0.335,0.144,-0.938
1741743562.694,0.322,0.146,-0.943
1741743562.754,0.328,0.147,-0.943
1741743562.754,0.338,0.146,-0.938
1741743562.754,0.334,0.150,-0.939
1741743562.815,0.333,0.153,-0.945
1741743562.815,0.336,0.151,-0.946
1741743562.815,0.330,0.141,-0.942
1741743562.859,0.331,0.146,-0.938
1741743562.859,0.326,0.146,-0.944
1741743562.859,0.332,0.145,-0.938
1741743562.923,0.330,0.149,-0.931
1741743562.923,0.334,0.148,-0.938
1741743562.923,0.332,0.146,-0.948
1741743562.979,0.335,0.145,-0.939
1741743562.979,0.330,0.149,-0.936
1741743562.979,0.328,0.144,-0.945
1741743563.040,0.331,0.146,-0.941
1741743563.040,0.330,0.151,-0.940
1741743563.040,0.328,0.148,-0.936
1741743563.084,0.335,0.148,-0.941
1741743563.084,0.335,0.146,-0.944
1741743563.084,0.332,0.144,-0.939
1741743563.145,0.329,0.144,-0.937
1741743563.145,0.330,0.146,-0.943
1741743563.145,0.333,0.146,-0.938
1741743563.204,0.333,0.146,-0.943
1741743563.204,0.332,0.151,-0.947
1741743563.204,0.330,0.149,-0.941
1741743563.264,0.327,0.144,-0.936
1741743563.264,0.338,0.146,-0.944
1741743563.264,0.332,0.144,-0.948
1741743563.323,0.331,0.147,-0.942
1741743563.323,0.329,0.148,-0.940
1741743563.323,0.339,0.151,-0.943
1741743563.369,0.334,0.150,-0.939
1741743563.369,0.327,0.147,-0.937
1741743563.369,0.333,0.148,-0.943
1741743563.432,0.335,0.149,-0.942
1741743563.432,0.334,0.149,-0.941
1741743563.432,0.328,0.146,-0.940
1741743563.489,0.331,0.148,-0.941
1741743563.489,0.335,0.146,-0.942
1741743563.489,0.329,0.146,-0.941
1741743563.548,0.333,0.150,-0.941
1741743563.548,0.337,0.147,-0.942
1741743563.548,0.332,0.148,-0.938
1741743563.594,0.334,0.141,-0.936
1741743563.594,0.330,0.149,-0.943
1741743563.594,0.332,0.147,-0.941
1741743563.654,0.331,0.148,-0.943
1741743563.654,0.334,0.149,-0.945
1741743563.654,0.334,0.148,-0.942
1741743563.717,0.335,0.148,-0.940
1741743563.717,0.332,0.152,-0.943
1741743563.717,0.332,0.148,-0.939
1741743563.763,0.334,0.149,-0.947
1741743563.763,0.329,0.148,-0.943
1741743563.763,0.333,0.144,-0.941
1741743563.820,0.337,0.149,-0.942
1741743563.820,0.332,0.146,-0.940
1741743563.820,0.330,0.151,-0.939
1741743563.879,0.334,0.149,-0.941
1741743563.879,0.330,0.143,-0.942
1741743563.879,0.336,0.150,-0.982
1741743563.939,0.323,0.140,-0.934
1741743563.939,0.340,0.143,-0.935
1741743563.939,0.329,0.153,-0.939
1741743564.001,0.333,0.150,-0.938
1741743564.001,0.325,0.143,-0.943
1741743564.001,0.335,0.146,-0.946
1741743564.047,0.333,0.146,-0.942
1741743564.047,0.332,0.145,-0.939
1741743564.047,0.331,0.149,-0.942
1741743564.118,0.329,0.150,-0.940
1741743564.118,0.336,0.147,-0.943
1741743564.118,0.330,0.148,-0.941
1741743564.164,0.334,0.146,-0.942
1741743564.164,0.331,0.144,-0.943
1741743564.164,0.332,0.150,-0.942
1741743564.225,0.332,0.146,-0.942
1741743564.225,0.333,0.145,-0.938
1741743564.225,0.331,0.148,-0.945
1741743564.288,0.329,0.150,-0.939
1741743564.288,0.330,0.145,-0.942
1741743564.288,0.331,0.145,-0.940
1741743564.330,0.334,0.147,-0.944
1741743564.330,0.333,0.149,-0.944
1741743564.330,0.332,0.148,-0.939
1741743564.389,0.334,0.149,-0.940
1741743564.389,0.334,0.149,-0.945
1741743564.389,0.332,0.149,-0.944
1741743564.449,0.337,0.149,-0.942
1741743564.449,0.334,0.146,-0.941
1741743564.449,0.332,0.151,-0.943
1741743564.508,0.330,0.147,-0.941
1741743564.508,0.331,0.143,-0.943
1741743564.508,0.329,0.146,-0.943
1741743564.557,0.331,0.149,-0.940
1741743564.557,0.332,0.145,-0.938
1741743564.557,0.332,0.148,-0.945
1741743564.615,0.329,0.144,-0.940
1741743564.615,0.330,0.144,-0.941
1741743564.615,0.331,0.146,-0.942
1741743564.674,0.330,0.145,-0.941
1741743564.674,0.332,0.149,-0.944
1741743564.674,0.333,0.148,-0.943
1741743564.734,0.333,0.146,-0.940
1741743564.734,0.331,0.150,-0.941
1741743564.734,0.333,0.150,-0.944
1741743564.779,0.334,0.148,-0.943
1741743564.779,0.334,0.147,-0.941
1741743564.779,0.332,0.146,-0.937
1741743564.842,0.329,0.147,-0.940
1741743564.842,0.334,0.148,-0.945
1741743564.842,0.333,0.146,-0.942
1741743564.899,0.335,0.149,-0.939
1741743564.899,0.333,0.146,-0.941
1741743564.899,0.331,0.146,-0.942
1741743564.959,0.333,0.144,-0.946
1741743564.959,0.330,0.144,-0.941
1741743564.959,0.332,0.151,-0.939
1741743565.004,0.330,0.145,-0.942
1741743565.004,0.332,0.144,-0.939
1741743565.004,0.330,0.145,-0.938
1741743565.065,0.330,0.150,-0.942
1741743565.065,0.329,0.145,-0.939
1741743565.065,0.322,0.139,-0.948
1741743565.141,0.330,0.152,-0.952
1741743565.141,0.330,0.151,-0.931
1741743565.141,0.333,0.148,-0.943
1741743565.183,0.327,0.143,-0.934
1741743565.231,0.341,0.154,-0.938
1741743565.231,0.333,0.141,-0.945
1741743565.231,0.329,0.147,-0.937
1741743565.289,0.366,0.146,-1.019
1741743565.289,0.324,0.156,-0.957
1741743565.289,0.326,0.147,-0.942
1741743565.350,0.341,0.147,-0.935
1741743565.350,0.330,0.142,-0.943
1741743565.350,0.330,0.146,-0.943
1741743565.409,0.340,0.150,-0.937
1741743565.409,0.331,0.152,-0.937
1741743565.409,0.332,0.145,-0.944
1741743565.453,0.331,0.149,-0.940
1741743565.453,0.334,0.154,-0.938
1741743565.453,0.331,0.147,-0.937
1741743565.514,0.331,0.148,-0.939
1741743565.514,0.327,0.149,-0.942
1741743565.514,0.331,0.150,-0.943
1741743565.574,0.329,0.149,-0.943
1741743565.574,0.330,0.148,-0.943
1741743565.574,0.334,0.148,-0.943
1741743565.637,0.330,0.144,-0.944
1741743565.637,0.334,0.145,-0.941
1741743565.637,0.335,0.146,-0.944
1741743565.693,0.330,0.149,-0.940
1741743565.693,0.335,0.146,-0.939
1741743565.693,0.336,0.151,-0.939
1741743565.739,0.335,0.145,-0.940
1741743565.739,0.334,0.148,-0.940
1741743565.739,0.328,0.148,-0.945
1741743565.799,0.336,0.148,-0.942
1741743565.799,0.334,0.146,-0.940
1741743565.799,0.332,0.145,-0.942
1741743565.859,0.333,0.149,-0.939
1741743565.859,0.335,0.149,-0.938
1741743565.859,0.333,0.149,-0.945
1741743565.922,0.330,0.146,-0.940
1741743565.922,0.331,0.146,-0.939
1741743565.922,0.329,0.149,-0.939
1741743565.967,0.333,0.148,-0.942
1741743565.967,0.334,0.149,-0.942
1741743565.967,0.335,0.147,-0.938
1741743566.039,0.332,0.150,-0.944
1741743566.039,0.332,0.146,-0.946
1741743566.039,0.332,0.148,-0.941
1741743566.084,0.333,0.146,-0.942
1741743566.084,0.334,0.145,-0.942
1741743566.084,0.330,0.147,-0.942
1741743566.144,0.332,0.147,-0.946
1741743566.144,0.332,0.145,-0.940
1741743566.144,0.332,0.149,-0.942
1741743566.205,0.334,0.148,-0.942
1741743566.205,0.331,0.148,-0.943
1741743566.205,0.334,0.148,-0.945
1741743566.251,0.330,0.147,-0.938
1741743566.251,0.332,0.147,-0.939
1741743566.251,0.335,0.146,-0.942
1741743566.310,0.332,0.150,-0.945
1741743566.310,0.330,0.145,-0.942
1741743566.310,0.334,0.150,-0.940
1741743566.369,0.334,0.147,-0.941
1741743566.369,0.333,0.143,-0.941
1741743566.369,0.333,0.148,-0.939
1741743566.428,0.335,0.150,-0.940
1741743566.428,0.332,0.147,-0.941
1741743566.428,0.331,0.149,-0.940
1741743566.477,0.329,0.145,-0.942
1741743566.477,0.331,0.148,-0.942
1741743566.477,0.328,0.148,-0.942
1741743566.534,0.332,0.146,-0.940
1741743566.534,0.330,0.150,-0.942
1741743566.534,0.333,0.150,-0.940
1741743566.594,0.330,0.144,-0.940
1741743566.594,0.333,0.144,-0.943
1741743566.594,0.333,0.146,-0.942
1741743566.654,0.329,0.144,-0.939
1741743566.654,0.332,0.143,-0.940
1741743566.654,0.329,0.148,-0.939
1741743566.699,0.331,0.146,-0.943
1741743566.699,0.333,0.149,-0.940
1741743566.699,0.333,0.147,-0.942
1741743566.762,0.332,0.146,-0.940
1741743566.762,0.330,0.150,-0.940
1741743566.762,0.331,0.148,-0.947
1741743566.820,0.332,0.145,-0.940
1741743566.820,0.331,0.147,-0.944
1741743566.820,0.337,0.152,-0.941
1741743566.879,0.332,0.148,-0.940
1741743566.879,0.331,0.146,-0.938
1741743566.879,0.336,0.149,-0.942
1741743566.925,0.327,0.148,-0.940
1741743566.925,0.335,0.147,-0.941
1741743566.925,0.333,0.146,-0.941
1741743566.985,0.335,0.145,-0.941
1741743566.985,0.332,0.151,-0.939
1741743566.985,0.331,0.143,-0.940
1741743567.059,0.329,0.149,-0.938
1741743567.059,0.329,0.150,-0.938
1741743567.059,0.332,0.146,-0.942
1741743567.103,0.330,0.148,-0.942
1741743567.103,0.331,0.145,-0.941
1741743567.103,0.331,0.151,-0.941
1741743567.149,0.330,0.146,-0.941
1741743567.149,0.333,0.148,-0.939
1741743567.149,0.333,0.145,-0.942
1741743567.209,0.332,0.144,-0.939
1741743567.209,0.333,0.147,-0.940
1741743567.209,0.333,0.144,-0.941
1741743567.270,0.332,0.146,-0.943
1741743567.270,0.331,0.146,-0.941
1741743567.270,0.333,0.148,-0.938
1741743567.330,0.334,0.148,-0.938
1741743567.330,0.333,0.146,-0.945
1741743567.330,0.332,0.146,-0.939
1741743567.378,0.332,0.143,-0.942
1741743567.378,0.332,0.146,-0.937
1741743567.378,0.332,0.153,-0.940
1741743567.434,0.334,0.148,-0.945
1741743567.434,0.332,0.144,-0.941
1741743567.434,0.332,0.144,-0.943
1741743567.494,0.332,0.148,-0.940
1741743567.494,0.331,0.146,-0.942
1741743567.494,0.330,0.146,-0.939
1741743567.555,0.335,0.145,-0.943
1741743567.555,0.332,0.146,-0.940
1741743567.555,0.331,0.148,-0.941
1741743567.603,0.331,0.147,-0.939
1741743567.603,0.331,0.151,-0.940
1741743567.603,0.335,0.146,-0.941
1741743567.659,0.333,0.145,-0.942
1741743567.659,0.332,0.150,-0.941
1741743567.659,0.334,0.147,-0.938
1741743567.720,0.333,0.149,-0.937
1741743567.720,0.328,0.149,-0.942
1741743567.720,0.331,0.145,-0.942
1741743567.779,0.334,0.147,-0.938
1741743567.779,0.332,0.149,-0.941
1741743567.779,0.337,0.149,-0.943
1741743567.840,0.330,0.144,-0.941
1741743567.840,0.335,0.147,-0.939
1741743567.840,0.333,0.144,-0.939
1741743567.886,0.330,0.146,-0.942
1741743567.886,0.332,0.147,-0.943
1741743567.886,0.335,0.148,-0.940
1741743567.958,0.334,0.149,-0.938
1741743567.958,0.336,0.148,-0.940
1741743567.958,0.337,0.144,-0.941
1741743568.004,0.331,0.145,-0.937
1741743568.004,0.330,0.147,-0.939
1741743568.004,0.327,0.147,-0.939
1741743568.064,0.332,0.146,-0.943
1741743568.064,0.330,0.145,-0.942
1741743568.064,0.331,0.147,-0.941
1741743568.125,0.331,0.145,-0.940
1741743568.125,0.330,0.149,-0.945
1741743568.125,0.331,0.144,-0.942
1741743568.171,0.331,0.145,-0.940
1741743568.171,0.331,0.145,-0.939
1741743568.171,0.333,0.147,-0.936
1741743568.229,0.331,0.145,-0.944
1741743568.229,0.331,0.144,-0.939
1741743568.229,0.333,0.149,-0.941
1741743568.289,0.334,0.147,-0.943
1741743568.289,0.331,0.147,-0.941
1741743568.289,0.332,0.145,-0.943
1741743568.348,0.332,0.144,-0.940
1741743568.348,0.336,0.149,-0.941
1741743568.348,0.332,0.147,-0.939
1741743568.397,0.329,0.151,-0.943
1741743568.397,0.333,0.150,-0.937
1741743568.397,0.331,0.147,-0.941
1741743568.454,0.334,0.144,-0.938
1741743568.454,0.332,0.146,-0.942
1741743568.454,0.330,0.145,-0.943
1741743568.514,0.331,0.145,-0.940
1741743568.514,0.332,0.147,-0.941
1741743568.514,0.331,0.148,-0.944
1741743568.573,0.335,0.147,-0.942
1741743568.573,0.330,0.148,-0.943
1741743568.573,0.332,0.148,-0.942
1741743568.620,0.330,0.144,-0.944
1741743568.620,0.336,0.148,-0.942
1741743568.620,0.330,0.145,-0.939
1741743568.683,0.333,0.149,-0.939
1741743568.683,0.332,0.149,-0.946
1741743568.683,0.335,0.146,-0.939
1741743568.739,0.333,0.147,-0.943
1741743568.739,0.331,0.148,-0.942
1741743568.739,0.334,0.148,-0.946
1741743568.799,0.329,0.145,-0.942
1741743568.799,0.336,0.147,-0.939
1741743568.799,0.335,0.146,-0.941
1741743568.844,0.333,0.145,-0.941
1741743568.844,0.335,0.151,-0.938
1741743568.844,0.335,0.151,-0.936
1741743568.905,0.336,0.146,-0.938
1741743568.905,0.333,0.144,-0.938
1741743568.905,0.332,0.148,-0.943
1741743568.983,0.333,0.144,-0.944
1741743568.983,0.330,0.150,-0.941
1741743568.983,0.333,0.152,-0.936
1741743569.024,0.333,0.148,-0.941
1741743569.024,0.329,0.148,-0.944
1741743569.024,0.329,0.147,-0.940
1741743569.069,0.332,0.150,-0.944
1741743569.069,0.331,0.149,-0.941
1741743569.069,0.333,0.147,-0.939
1741743569.130,0.330,0.147,-0.939
1741743569.130,0.335,0.145,-0.939
1741743569.130,0.335,0.149,-0.941
1741743569.204,0.330,0.144,-0.940
1741743569.204,0.335,0.150,-0.942
1741743569.204,0.334,0.150,-0.942
1741743569.251,0.331,0.145,-0.938
1741743569.251,0.331,0.149,-0.938
1741743569.251,0.331,0.149,-0.940
1741743569.297,0.330,0.151,-0.938
1741743569.297,0.331,0.152,-0.942
1741743569.297,0.332,0.144,-0.941
1741743569.355,0.332,0.148,-0.941
1741743569.355,0.331,0.146,-0.939
1741743569.355,0.335,0.147,-0.941
1741743569.414,0.330,0.146,-0.941
1741743569.414,0.331,0.147,-0.940
1741743569.414,0.332,0.147,-0.939
1741743569.475,0.332,0.145,-0.941
1741743569.475,0.331,0.148,-0.940
1741743569.475,0.332,0.144,-0.943
1741743569.522,0.333,0.152,-0.942
1741743569.522,0.334,0.146,-0.940
1741743569.522,0.330,0.151,-0.941
1741743569.580,0.330,0.148,-0.941
1741743569.580,0.331,0.150,-0.939
1741743569.580,0.332,0.148,-0.938
1741743569.641,0.333,0.149,-0.940
1741743569.641,0.331,0.142,-0.941
1741743569.641,0.333,0.147,-0.942
1741743569.699,0.333,0.146,-0.941
1741743569.699,0.333,0.146,-0.937
1741743569.699,0.331,0.150,-0.939
1741743569.759,0.330,0.146,-0.943
1741743569.759,0.328,0.150,-0.941
1741743569.759,0.331,0.147,-0.940
1741743569.808,0.334,0.147,-0.940
1741743569.808,0.328,0.148,-0.941
1741743569.808,0.330,0.148,-0.941
1741743569.879,0.332,0.149,-0.941
1741743569.879,0.331,0.149,-0.945
1741743569.879,0.334,0.145,-0.944
1741743569.925,0.332,0.152,-0.941
1741743569.925,0.333,0.146,-0.941
1741743569.925,0.331,0.145,-0.941
1741743569.984,0.331,0.148,-0.939
1741743569.984,0.328,0.148,-0.937
1741743569.984,0.329,0.149,-0.939
1741743570.029,0.332,0.146,-0.940
1741743570.029,0.333,0.145,-0.942
1741743570.029,0.331,0.148,-0.941
1741743570.093,0.331,0.147,-0.941
1741743570.093,0.333,0.148,-0.944
1741743570.093,0.331,0.145,-0.941
1741743570.149,0.333,0.147,-0.939
1741743570.149,0.337,0.149,-0.938
1741743570.149,0.335,0.145,-0.943
1741743570.210,0.335,0.148,-0.940
1741743570.254,0.331,0.148,-0.939
1741743570.254,0.334,0.144,-0.941
1741743570.254,0.332,0.145,-0.939
1741743570.314,0.332,0.147,-0.938
1741743570.314,0.331,0.148,-0.939
1741743570.314,0.331,0.145,-0.940
1741743570.376,0.329,0.147,-0.937
1741743570.376,0.332,0.145,-0.943
1741743570.376,0.333,0.152,-0.941
1741743570.434,0.332,0.148,-0.939
1741743570.434,0.330,0.149,-0.942
1741743570.434,0.333,0.145,-0.941
1741743570.494,0.329,0.150,-0.940
1741743570.494,0.332,0.146,-0.944
1741743570.494,0.330,0.146,-0.942
1741743570.539,0.332,0.146,-0.942
1741743570.539,0.332,0.148,-0.938
1741743570.539,0.329,0.151,-0.940
1741743570.602,0.334,0.150,-0.938
1741743570.602,0.332,0.149,-0.941
1741743570.602,0.331,0.147,-0.936
1741743570.659,0.333,0.145,-0.938
1741743570.659,0.335,0.146,-0.935
1741743570.659,0.333,0.147,-0.947
1741743570.719,0.333,0.147,-0.938
1741743570.719,0.330,0.145,-0.933
1741743570.719,0.333,0.146,-0.945
1741743570.764,0.329,0.144,-0.944
1741743570.764,0.335,0.150,-0.945
1741743570.764,0.334,0.147,-0.939
1741743570.824,0.331,0.144,-0.942
1741743570.824,0.333,0.145,-0.940
1741743570.824,0.335,0.149,-0.938
1741743570.887,0.332,0.151,-0.941
1741743570.887,0.332,0.149,-0.937
1741743570.887,0.334,0.150,-0.940
1741743570.932,0.331,0.148,-0.941
1741743570.932,0.333,0.149,-0.940
1741743570.932,0.331,0.146,-0.941
1741743570.990,0.332,0.150,-0.943
1741743570.990,0.334,0.151,-0.943
1741743570.990,0.332,0.146,-0.942
1741743571.050,0.333,0.144,-0.942
1741743571.050,0.335,0.146,-0.941
1741743571.050,0.330,0.146,-0.936
1741743571.109,0.333,0.145,-0.942
1741743571.109,0.337,0.146,-0.942
1741743571.109,0.329,0.148,-0.940
1741743571.172,0.332,0.151,-0.938
1741743571.172,0.330,0.153,-0.938
1741743571.172,0.332,0.143,-0.942
1741743571.217,0.329,0.146,-0.942
1741743571.217,0.332,0.148,-0.941
1741743571.217,0.334,0.146,-0.942
1741743571.274,0.332,0.146,-0.941
1741743571.274,0.328,0.149,-0.940
1741743571.274,0.330,0.149,-0.942
1741743571.334,0.330,0.149,-0.940
1741743571.334,0.331,0.145,-0.942
1741743571.334,0.328,0.151,-0.940
1741743571.395,0.331,0.147,-0.940
1741743571.395,0.334,0.148,-0.941
1741743571.395,0.335,0.146,-0.941
1741743571.453,0.334,0.148,-0.941
1741743571.453,0.337,0.146,-0.949
1741743571.453,0.327,0.148,-0.943
1741743571.500,0.328,0.147,-0.940
1741743571.500,0.331,0.146,-0.939
1741743571.500,0.331,0.151,-0.940
1741743571.559,0.329,0.150,-0.946
1741743571.559,0.333,0.148,-0.937
1741743571.559,0.332,0.148,-0.943
1741743571.619,0.334,0.147,-0.942
1741743571.619,0.336,0.149,-0.940
1741743571.619,0.328,0.146,-0.939
1741743571.678,0.328,0.142,-0.941
1741743571.678,0.331,0.150,-0.943
1741743571.678,0.330,0.148,-0.942
1741743571.728,0.331,0.146,-0.943
1741743571.728,0.331,0.146,-0.942
1741743571.728,0.329,0.150,-0.940
1741743571.798,0.333,0.149,-0.941
1741743571.798,0.332,0.145,-0.937
1741743571.798,0.334,0.147,-0.946
1741743571.844,0.329,0.147,-0.943
1741743571.844,0.328,0.150,-0.940
1741743571.844,0.334,0.149,-0.944
1741743571.904,0.334,0.146,-0.939
1741743571.904,0.332,0.149,-0.939
1741743571.904,0.333,0.148,-0.943
1741743571.965,0.334,0.149,-0.942
1741743571.965,0.330,0.146,-0.943
1741743571.965,0.331,0.148,-0.941
1741743572.013,0.333,0.150,-0.939
1741743572.013,0.335,0.145,-0.940
1741743572.013,0.328,0.146,-0.941
1741743572.070,0.331,0.149,-0.941
1741743572.070,0.330,0.145,-0.944
1741743572.070,0.336,0.147,-0.937
1741743572.130,0.334,0.148,-0.943
1741743572.130,0.331,0.145,-0.943
1741743572.130,0.332,0.144,-0.942
1741743572.175,0.335,0.141,-0.943
1741743572.175,0.335,0.148,-0.941
1741743572.175,0.340,0.146,-0.943
1741743572.235,0.324,0.144,-0.940
1741743572.235,0.328,0.146,-0.942
1741743572.235,0.336,0.144,-0.941
1741743572.310,0.336,0.146,-0.947
1741743572.310,0.327,0.151,-0.941
1741743572.310,0.329,0.147,-0.937
1741743572.354,0.335,0.150,-0.942
1741743572.354,0.329,0.148,-0.946
1741743572.354,0.333,0.147,-0.944
1741743572.399,0.335,0.148,-0.935
1741743572.399,0.335,0.149,-0.941
1741743572.399,0.330,0.147,-0.944
1741743572.460,0.332,0.147,-0.940
1741743572.460,0.331,0.147,-0.941
1741743572.460,0.332,0.147,-0.944
1741743572.520,0.335,0.150,-0.942
1741743572.520,0.330,0.148,-0.942
1741743572.520,0.330,0.150,-0.941
1741743572.579,0.333,0.144,-0.940
1741743572.579,0.333,0.148,-0.943
1741743572.579,0.335,0.148,-0.942
1741743572.639,0.335,0.150,-0.938
1741743572.639,0.332,0.148,-0.940
1741743572.639,0.333,0.150,-0.940
1741743572.685,0.335,0.148,-0.942
1741743572.685,0.330,0.150,-0.942
1741743572.685,0.328,0.147,-0.943
1741743572.745,0.334,0.149,-0.942
1741743572.745,0.332,0.149,-0.941
1741743572.745,0.331,0.146,-0.941
1741743572.806,0.334,0.145,-0.939
1741743572.806,0.334,0.147,-0.943
1741743572.806,0.333,0.147,-0.945
1741743572.853,0.333,0.148,-0.942
1741743572.853,0.328,0.145,-0.943
1741743572.853,0.332,0.145,-0.941
1741743572.909,0.332,0.148,-0.941
1741743572.909,0.336,0.145,-0.938
1741743572.909,0.330,0.144,-0.943
1741743572.969,0.328,0.147,-0.951
1741743572.969,0.339,0.147,-0.935
1741743572.969,0.331,0.145,-0.937
1741743573.030,0.331,0.144,-0.943
1741743573.030,0.330,0.149,-0.939
1741743573.030,0.333,0.149,-0.938
1741743573.110,0.331,0.146,-0.937
1741743573.110,0.331,0.149,-0.945
1741743573.110,0.332,0.147,-0.940
1741743573.139,0.329,0.148,-0.939
1741743573.139,0.330,0.150,-0.940
1741743573.139,0.333,0.151,-0.938
1741743573.194,0.331,0.146,-0.938
1741743573.194,0.331,0.150,-0.937
1741743573.194,0.334,0.146,-0.937
1741743573.254,0.331,0.150,-0.943
1741743573.254,0.328,0.151,-0.943
1741743573.254,0.335,0.142,-0.941
1741743573.315,0.330,0.151,-0.941
1741743573.315,0.332,0.150,-0.945
1741743573.315,0.334,0.146,-0.941
1741743573.376,0.332,0.150,-0.941
1741743573.376,0.332,0.146,-0.938
1741743573.376,0.329,0.147,-0.939
1741743573.422,0.330,0.147,-0.944
1741743573.422,0.329,0.147,-0.941
1741743573.422,0.333,0.149,-0.944
1741743573.479,0.330,0.148,-0.940
1741743573.479,0.332,0.148,-0.947
1741743573.479,0.334,0.148,-0.938
1741743573.539,0.330,0.146,-0.944
1741743573.539,0.333,0.146,-0.941
1741743573.539,0.333,0.144,-0.939
1741743573.599,0.329,0.148,-0.943
1741743573.599,0.334,0.147,-0.940
1741743573.599,0.333,0.145,-0.939
1741743573.648,0.334,0.143,-0.938
1741743573.648,0.332,0.146,-0.939
1741743573.648,0.334,0.146,-0.939
1741743573.704,0.331,0.150,-0.943
1741743573.704,0.332,0.147,-0.941
1741743573.704,0.332,0.144,-0.939
1741743573.765,0.331,0.145,-0.940
1741743573.765,0.335,0.149,-0.942
1741743573.765,0.336,0.148,-0.938
1741743573.825,0.334,0.148,-0.939
1741743573.825,0.331,0.150,-0.941
1741743573.825,0.329,0.149,-0.944
1741743573.870,0.336,0.143,-0.943
1741743573.870,0.335,0.147,-0.940
1741743573.870,0.332,0.149,-0.940
1741743573.933,0.329,0.149,-0.942
1741743573.933,0.331,0.147,-0.939
1741743573.933,0.335,0.147,-0.940
1741743573.990,0.330,0.147,-0.941
1741743573.990,0.331,0.148,-0.943
1741743573.990,0.332,0.145,-0.943
1741743574.049,0.332,0.145,-0.939
1741743574.049,0.329,0.148,-0.941
1741743574.049,0.333,0.143,-0.944
1741743574.095,0.331,0.149,-0.942
1741743574.095,0.333,0.149,-0.939
1741743574.095,0.328,0.147,-0.944
1741743574.154,0.328,0.146,-0.941
1741743574.154,0.333,0.146,-0.935
1741743574.154,0.332,0.149,-0.944
1741743574.219,0.333,0.144,-0.941
1741743574.219,0.329,0.147,-0.939
1741743574.219,0.331,0.145,-0.937
1741743574.273,0.329,0.147,-0.940
1741743574.273,0.331,0.149,-0.940
1741743574.273,0.329,0.141,-0.947
1741743574.333,0.330,0.148,-0.942
1741743574.333,0.332,0.147,-0.942
1741743574.333,0.332,0.148,-0.941
1741743574.379,0.333,0.143,-0.940
1741743574.379,0.332,0.143,-0.943
1741743574.379,0.334,0.148,-0.944
1741743574.440,0.332,0.146,-0.940
1741743574.440,0.327,0.148,-0.944
1741743574.440,0.333,0.148,-0.942
1741743574.501,0.334,0.148,-0.940
1741743574.501,0.329,0.147,-0.939
1741743574.501,0.330,0.151,-0.941
1741743574.547,0.332,0.148,-0.940
1741743574.547,0.329,0.145,-0.942
1741743574.547,0.331,0.145,-0.938
1741743574.605,0.335,0.146,-0.940
1741743574.605,0.333,0.145,-0.941
1741743574.605,0.333,0.148,-0.941
1741743574.665,0.334,0.150,-0.943
1741743574.665,0.331,0.142,-0.942
1741743574.665,0.331,0.146,-0.945
1741743574.725,0.333,0.146,-0.942
1741743574.725,0.333,0.147,-0.940
1741743574.725,0.333,0.148,-0.941
1741743574.774,0.333,0.151,-0.940
1741743574.774,0.329,0.144,-0.943
1741743574.774,0.332,0.145,-0.940
1741743574.830,0.327,0.144,-0.940
1741743574.830,0.332,0.147,-0.940
1741743574.830,0.329,0.149,-0.944
1741743574.890,0.333,0.148,-0.941
1741743574.890,0.331,0.148,-0.942
1741743574.890,0.332,0.146,-0.939
1741743574.951,0.334,0.148,-0.937
1741743574.951,0.334,0.146,-0.943
1741743574.951,0.332,0.151,-0.940
1741743575.010,0.332,0.147,-0.943
1741743575.010,0.328,0.148,-0.941
1741743575.010,0.334,0.145,-0.940
1741743575.058,0.333,0.148,-0.936
1741743575.058,0.333,0.147,-0.943
1741743575.058,0.335,0.149,-0.943
1741743575.114,0.331,0.151,-0.940
1741743575.114,0.333,0.148,-0.941
1741743575.114,0.330,0.145,-0.937
1741743575.174,0.334,0.149,-0.943
1741743575.174,0.333,0.149,-0.943
1741743575.174,0.330,0.145,-0.941
1741743575.235,0.331,0.146,-0.940
1741743575.294,0.332,0.150,-0.944
1741743575.294,0.334,0.147,-0.941
1741743575.294,0.333,0.145,-0.942
1741743575.344,0.333,0.148,-0.942
1741743575.344,0.331,0.146,-0.939
1741743575.344,0.331,0.147,-0.941
1741743575.400,0.334,0.151,-0.941
1741743575.400,0.331,0.148,-0.943
1741743575.400,0.333,0.143,-0.939
1741743575.460,0.333,0.148,-0.940
1741743575.460,0.331,0.149,-0.944
1741743575.460,0.332,0.150,-0.938
1741743575.520,0.336,0.148,-0.941
1741743575.520,0.333,0.144,-0.937
1741743575.520,0.328,0.148,-0.942
1741743575.569,0.334,0.150,-0.943
1741743575.569,0.328,0.150,-0.942
1741743575.569,0.331,0.148,-0.944
1741743575.625,0.333,0.143,-0.940
1741743575.625,0.335,0.147,-0.945
1741743575.625,0.331,0.149,-0.942
1741743575.685,0.332,0.147,-0.938
1741743575.685,0.330,0.147,-0.940
1741743575.685,0.335,0.147,-0.940
1741743575.744,0.332,0.147,-0.939
1741743575.744,0.331,0.149,-0.940
1741743575.744,0.336,0.149,-0.943
1741743575.789,0.333,0.152,-0.942
1741743575.789,0.335,0.146,-0.942
1741743575.789,0.335,0.150,-0.937
1741743575.854,0.332,0.148,-0.937
1741743575.854,0.328,0.152,-0.938
1741743575.854,0.329,0.149,-0.939
1741743575.910,0.331,0.147,-0.939
1741743575.910,0.332,0.148,-0.941
1741743575.910,0.335,0.148,-0.945
1741743575.969,0.335,0.147,-0.939
1741743575.969,0.330,0.144,-0.941
1741743575.969,0.334,0.147,-0.941
1741743576.014,0.329,0.147,-0.941
1741743576.014,0.331,0.149,-0.945
1741743576.014,0.330,0.147,-0.939
1741743576.075,0.336,0.150,-0.939
1741743576.075,0.332,0.150,-0.939
1741743576.075,0.329,0.146,-0.941
1741743576.137,0.330,0.145,-0.941
1741743576.137,0.331,0.147,-0.936
1741743576.137,0.328,0.150,-0.939
1741743576.182,0.333,0.150,-0.937
1741743576.182,0.329,0.145,-0.940
1741743576.182,0.335,0.146,-0.940
1741743576.239,0.331,0.146,-0.945
1741743576.239,0.331,0.146,-0.938
1741743576.239,0.331,0.150,-0.941
1741743576.300,0.329,0.143,-0.938
1741743576.300,0.330,0.148,-0.941
1741743576.300,0.330,0.146,-0.942
1741743576.359,0.335,0.148,-0.944
1741743576.359,0.332,0.149,-0.937
1741743576.359,0.329,0.148,-0.937
1741743576.421,0.331,0.149,-0.943
1741743576.421,0.331,0.145,-0.942
1741743576.421,0.330,0.149,-0.945
1741743576.468,0.333,0.149,-0.941
1741743576.468,0.335,0.146,-0.939
1741743576.468,0.333,0.146,-0.939
1741743576.524,0.333,0.145,-0.939
1741743576.524,0.332,0.149,-0.939
1741743576.524,0.333,0.145,-0.940
1741743576.585,0.329,0.146,-0.938
1741743576.585,0.334,0.150,-0.942
1741743576.585,0.331,0.144,-0.936
1741743576.644,0.335,0.148,-0.941
1741743576.644,0.332,0.147,-0.945
1741743576.644,0.334,0.146,-0.937
1741743576.691,0.328,0.146,-0.943
1741743576.691,0.331,0.142,-0.945
1741743576.691,0.333,0.147,-0.940
1741743576.749,0.329,0.149,-0.938
1741743576.749,0.335,0.147,-0.942
1741743576.749,0.333,0.145,-0.942
1741743576.809,0.330,0.145,-0.940
1741743576.809,0.332,0.144,-0.937
1741743576.809,0.333,0.146,-0.941
1741743576.869,0.334,0.148,-0.942
1741743576.869,0.327,0.146,-0.941
1741743576.869,0.333,0.144,-0.940
1741743576.930,0.332,0.148,-0.939
1741743576.930,0.329,0.146,-0.945
1741743576.930,0.331,0.149,-0.934
1741743576.977,0.330,0.146,-0.945
1741743576.977,0.330,0.146,-0.942
1741743576.977,0.330,0.144,-0.940
1741743577.035,0.332,0.144,-0.941
1741743577.035,0.334,0.147,-0.944
1741743577.035,0.332,0.149,-0.944
1741743577.095,0.329,0.147,-0.943
1741743577.095,0.333,0.147,-0.942
1741743577.095,0.334,0.144,-0.940
1741743577.154,0.333,0.149,-0.940
1741743577.154,0.333,0.147,-0.941
1741743577.154,0.332,0.146,-0.945
1741743577.199,0.337,0.147,-0.943
1741743577.199,0.333,0.148,-0.942
1741743577.199,0.335,0.148,-0.936
1741743577.262,0.332,0.146,-0.941
1741743577.262,0.332,0.148,-0.943
1741743577.262,0.329,0.150,-0.938
1741743577.320,0.331,0.149,-0.941
1741743577.320,0.333,0.143,-0.943
1741743577.320,0.329,0.145,-0.941
1741743577.379,0.333,0.144,-0.940
1741743577.379,0.335,0.152,-0.941
1741743577.379,0.333,0.148,-0.945
1741743577.439,0.329,0.145,-0.943
1741743577.439,0.328,0.148,-0.938
1741743577.439,0.334,0.148,-0.941
1741743577.484,0.333,0.145,-0.944
1741743577.484,0.331,0.146,-0.941
1741743577.484,0.329,0.146,-0.938
1741743577.547,0.332,0.146,-0.940
1741743577.547,0.332,0.149,-0.940
1741743577.547,0.329,0.148,-0.941
1741743577.605,0.329,0.148,-0.940
1741743577.605,0.332,0.148,-0.943
1741743577.605,0.328,0.149,-0.938
1741743577.664,0.331,0.147,-0.935
1741743577.664,0.330,0.150,-0.943
1741743577.664,0.330,0.153,-0.940
1741743577.710,0.332,0.145,-0.939
1741743577.710,0.333,0.146,-0.943
1741743577.710,0.330,0.141,-0.937
1741743577.770,0.331,0.147,-0.942
1741743577.770,0.334,0.146,-0.939
1741743577.770,0.333,0.149,-0.939
1741743577.829,0.335,0.146,-0.943
1741743577.829,0.332,0.149,-0.942
1741743577.829,0.334,0.150,-0.941
1741743577.889,0.331,0.146,-0.941
1741743577.889,0.330,0.149,-0.940
1741743577.889,0.331,0.146,-0.938
1741743577.934,0.330,0.147,-0.939
1741743577.934,0.330,0.147,-0.939
1741743577.934,0.331,0.149,-0.938
1741743577.994,0.331,0.149,-0.945
1741743577.994,0.330,0.147,-0.944
1741743577.994,0.332,0.148,-0.942
1741743578.058,0.333,0.151,-0.939
1741743578.058,0.330,0.148,-0.940
1741743578.058,0.334,0.149,-0.940
1741743578.102,0.333,0.146,-0.942
1741743578.102,0.334,0.147,-0.941
1741743578.102,0.338,0.145,-0.943
1741743578.159,0.331,0.147,-0.939
1741743578.159,0.333,0.145,-0.939
1741743578.159,0.336,0.148,-0.946
1741743578.219,0.331,0.148,-0.938
1741743578.219,0.333,0.145,-0.941
1741743578.219,0.334,0.147,-0.943
1741743578.280,0.332,0.149,-0.939
1741743578.280,0.335,0.150,-0.941
1741743578.280,0.328,0.148,-0.943
1741743578.344,0.329,0.152,-0.942
1741743578.344,0.332,0.148,-0.938
1741743578.344,0.330,0.145,-0.943
1741743578.387,0.331,0.147,-0.942
1741743578.387,0.333,0.147,-0.942
1741743578.387,0.335,0.150,-0.940
1741743578.447,0.332,0.148,-0.942
1741743578.447,0.333,0.141,-0.940
1741743578.447,0.334,0.148,-0.943
1741743578.504,0.333,0.147,-0.940
1741743578.504,0.331,0.149,-0.940
1741743578.504,0.331,0.148,-0.946
1741743578.565,0.332,0.149,-0.939
1741743578.565,0.330,0.148,-0.942
1741743578.565,0.331,0.146,-0.939
1741743578.624,0.330,0.146,-0.941
1741743578.624,0.334,0.143,-0.938
1741743578.624,0.329,0.148,-0.941
1741743578.684,0.330,0.145,-0.941
1741743578.684,0.329,0.144,-0.939
1741743578.684,0.332,0.149,-0.941
1741743578.729,0.332,0.143,-0.941
1741743578.729,0.330,0.149,-0.942
1741743578.729,0.331,0.148,-0.941
1741743578.789,0.332,0.148,-0.941
1741743578.789,0.332,0.148,-0.943
1741743578.789,0.328,0.144,-0.941
1741743578.850,0.332,0.146,-0.945
1741743578.850,0.336,0.144,-0.942
1741743578.850,0.331,0.150,-0.938
1741743578.897,0.331,0.147,-0.942
1741743578.897,0.334,0.146,-0.941
1741743578.897,0.331,0.153,-0.939
1741743578.954,0.330,0.146,-0.941
1741743578.954,0.329,0.146,-0.940
1741743578.954,0.333,0.151,-0.941
1741743579.015,0.331,0.148,-0.942
1741743579.015,0.331,0.149,-0.944
1741743579.015,0.330,0.145,-0.940
1741743579.075,0.330,0.143,-0.940
1741743579.075,0.331,0.143,-0.940
1741743579.075,0.330,0.148,-0.939
1741743579.119,0.328,0.146,-0.944
1741743579.119,0.331,0.147,-0.939
1741743579.119,0.336,0.149,-0.941
1741743579.181,0.331,0.144,-0.940
1741743579.181,0.329,0.148,-0.942
1741743579.181,0.330,0.146,-0.941
1741743579.239,0.332,0.153,-0.942
1741743579.239,0.334,0.149,-0.936
1741743579.239,0.328,0.146,-0.943
1741743579.299,0.335,0.148,-0.941
1741743579.299,0.333,0.149,-0.941
1741743579.299,0.334,0.149,-0.943
1741743579.344,0.332,0.149,-0.940
1741743579.344,0.330,0.147,-0.940
1741743579.344,0.330,0.144,-0.943
1741743579.404,0.334,0.145,-0.941
1741743579.404,0.328,0.147,-0.938
1741743579.404,0.330,0.141,-0.941
1741743579.468,0.334,0.147,-0.941
1741743579.468,0.329,0.148,-0.940
1741743579.468,0.331,0.147,-0.939
1741743579.525,0.333,0.145,-0.939
1741743579.525,0.330,0.144,-0.938
1741743579.525,0.334,0.148,-0.943
1741743579.584,0.335,0.146,-0.944
1741743579.584,0.335,0.146,-0.940
1741743579.584,0.336,0.145,-0.941
1741743579.630,0.331,0.147,-0.941
1741743579.630,0.335,0.143,-0.940
1741743579.630,0.336,0.152,-0.939
1741743579.689,0.329,0.146,-0.940
1741743579.689,0.336,0.152,-0.941
1741743579.689,0.332,0.146,-0.942
1741743579.749,0.334,0.146,-0.941
1741743579.749,0.330,0.143,-0.945
1741743579.749,0.335,0.149,-0.937
1741743579.797,0.330,0.146,-0.943
1741743579.797,0.329,0.146,-0.937
1741743579.797,0.333,0.147,-0.940
1741743579.869,0.335,0.146,-0.939
1741743579.869,0.331,0.149,-0.941
1741743579.869,0.334,0.148,-0.938
1741743579.914,0.334,0.150,-0.939
1741743579.914,0.334,0.143,-0.938
1741743579.914,0.334,0.147,-0.940
1741743579.974,0.335,0.148,-0.942
1741743579.974,0.332,0.150,-0.938
1741743579.974,0.331,0.146,-0.943
1741743580.023,0.329,0.146,-0.943
1741743580.023,0.332,0.148,-0.938
1741743580.023,0.331,0.148,-0.944
1741743580.080,0.333,0.146,-0.940
1741743580.080,0.334,0.143,-0.938
1741743580.080,0.328,0.153,-0.938
1741743580.140,0.331,0.147,-0.941
1741743580.140,0.329,0.149,-0.939
1741743580.140,0.334,0.148,-0.942
1741743580.199,0.331,0.143,-0.942
1741743580.199,0.335,0.147,-0.941
1741743580.199,0.334,0.147,-0.940
1741743580.261,0.332,0.143,-0.942
1741743580.307,0.333,0.150,-0.944
1741743580.307,0.334,0.149,-0.940
1741743580.307,0.329,0.148,-0.940
1741743580.365,0.330,0.151,-0.939
1741743580.365,0.334,0.149,-0.942
1741743580.365,0.331,0.149,-0.945
1741743580.424,0.332,0.149,-0.943
1741743580.424,0.330,0.149,-0.941
1741743580.424,0.332,0.148,-0.939
1741743580.486,0.331,0.148,-0.941
1741743580.486,0.332,0.147,-0.944
1741743580.486,0.331,0.151,-0.941
1741743580.546,0.334,0.146,-0.943
1741743580.546,0.328,0.146,-0.942
1741743580.546,0.332,0.150,-0.941
1741743580.592,0.332,0.147,-0.941
1741743580.592,0.331,0.146,-0.940
1741743580.592,0.331,0.152,-0.939
1741743580.649,0.333,0.145,-0.938
1741743580.649,0.333,0.148,-0.945
1741743580.649,0.331,0.150,-0.943
1741743580.709,0.333,0.150,-0.946
1741743580.709,0.334,0.146,-0.938
1741743580.709,0.329,0.148,-0.939
1741743580.770,0.331,0.149,-0.939
1741743580.770,0.331,0.144,-0.940
1741743580.770,0.336,0.145,-0.942
1741743580.818,0.331,0.146,-0.938
1741743580.818,0.332,0.146,-0.940
1741743580.818,0.328,0.146,-0.939
1741743580.876,0.332,0.149,-0.941
1741743580.876,0.333,0.148,-0.943
1741743580.876,0.334,0.151,-0.939
1741743580.935,0.330,0.147,-0.940
1741743580.935,0.327,0.144,-0.943
1741743580.935,0.331,0.145,-0.943
1741743580.995,0.332,0.148,-0.943
1741743580.995,0.335,0.148,-0.939
1741743580.995,0.331,0.147,-0.940
1741743581.040,0.333,0.146,-0.940
1741743581.040,0.331,0.144,-0.941
1741743581.040,0.331,0.147,-0.939
1741743581.103,0.332,0.146,-0.942
1741743581.103,0.332,0.150,-0.939
1741743581.103,0.332,0.151,-0.941
1741743581.160,0.333,0.150,-0.937
1741743581.160,0.332,0.148,-0.940
1741743581.160,0.334,0.149,-0.941
1741743581.220,0.330,0.149,-0.938
1741743581.220,0.333,0.149,-0.941
1741743581.220,0.336,0.148,-0.940
1741743581.280,0.330,0.149,-0.940
1741743581.280,0.335,0.145,-0.938
1741743581.280,0.331,0.151,-0.936
1741743581.325,0.329,0.148,-0.941
1741743581.325,0.331,0.147,-0.941
1741743581.325,0.331,0.148,-0.943
1741743581.389,0.331,0.143,-0.941
1741743581.389,0.331,0.147,-0.943
1741743581.389,0.333,0.151,-0.941
1741743581.445,0.332,0.149,-0.942
1741743581.445,0.332,0.148,-0.941
1741743581.445,0.336,0.152,-0.940
1741743581.504,0.334,0.145,-0.942
1741743581.504,0.331,0.149,-0.941
1741743581.504,0.332,0.143,-0.941
1741743581.550,0.333,0.147,-0.944
1741743581.550,0.331,0.147,-0.937
1741743581.550,0.333,0.149,-0.943
1741743581.610,0.333,0.146,-0.940
1741743581.610,0.333,0.146,-0.940
1741743581.610,0.331,0.146,-0.943
1741743581.672,0.332,0.147,-0.941
1741743581.672,0.334,0.148,-0.941
1741743581.672,0.334,0.146,-0.940
1741743581.717,0.331,0.148,-0.940
1741743581.717,0.331,0.146,-0.941
1741743581.717,0.334,0.146,-0.941
1741743581.775,0.331,0.145,-0.946
1741743581.775,0.332,0.146,-0.940
1741743581.775,0.335,0.146,-0.942
1741743581.835,0.331,0.147,-0.944
1741743581.835,0.330,0.147,-0.944
1741743581.835,0.329,0.147,-0.940
1741743581.895,0.333,0.147,-0.943
1741743581.895,0.335,0.148,-0.942
1741743581.895,0.330,0.146,-0.943
1741743581.944,0.330,0.144,-0.937
1741743581.944,0.333,0.151,-0.940
1741743581.944,0.333,0.147,-0.940
1741743582.000,0.330,0.147,-0.941
1741743582.000,0.329,0.146,-0.943
1741743582.000,0.332,0.148,-0.942
1741743582.059,0.331,0.151,-0.940
1741743582.059,0.329,0.150,-0.943
1741743582.059,0.335,0.151,-0.943
1741743582.120,0.334,0.144,-0.942
1741743582.120,0.331,0.144,-0.939
1741743582.120,0.332,0.151,-0.942
1741743582.181,0.331,0.145,-0.936
1741743582.181,0.329,0.146,-0.941
1741743582.181,0.332,0.147,-0.942
1741743582.237,0.332,0.144,-0.940
1741743582.237,0.333,0.144,-0.943
1741743582.237,0.328,0.147,-0.941
1741743582.284,0.332,0.147,-0.942
1741743582.284,0.332,0.151,-0.940
1741743582.284,0.331,0.146,-0.941
1741743582.345,0.329,0.147,-0.941
1741743582.345,0.332,0.144,-0.938
1741743582.345,0.329,0.148,-0.938
1741743582.405,0.330,0.146,-0.940
1741743582.405,0.332,0.146,-0.941
1741743582.405,0.336,0.142,-0.942
1741743582.466,0.327,0.146,-0.937
1741743582.466,0.331,0.144,-0.940
1741743582.466,0.331,0.148,-0.944
1741743582.514,0.329,0.146,-0.943
1741743582.514,0.332,0.149,-0.942
1741743582.514,0.335,0.145,-0.943
1741743582.570,0.332,0.146,-0.941
1741743582.570,0.331,0.150,-0.945
1741743582.570,0.328,0.147,-0.940
1741743582.630,0.332,0.144,-0.937
1741743582.630,0.331,0.153,-0.939
1741743582.630,0.335,0.150,-0.943
1741743582.688,0.334,0.144,-0.936
1741743582.688,0.334,0.150,-0.940
1741743582.688,0.334,0.148,-0.947
1741743582.735,0.335,0.151,-0.937
1741743582.735,0.335,0.151,-0.942
1741743582.735,0.334,0.144,-0.942
1741743582.797,0.333,0.145,-0.942
1741743582.797,0.329,0.146,-0.941
1741743582.797,0.334,0.146,-0.941
1741743582.865,0.331,0.145,-0.943
1741743582.865,0.330,0.142,-0.941
1741743582.865,0.332,0.144,-0.939
1741743582.915,0.334,0.145,-0.939
1741743582.915,0.333,0.147,-0.944
1741743582.915,0.329,0.147,-0.941
1741743582.974,0.333,0.148,-0.944
1741743582.974,0.332,0.143,-0.939
1741743582.974,0.335,0.146,-0.941
1741743583.037,0.331,0.146,-0.940
1741743583.037,0.329,0.151,-0.937
1741743583.037,0.333,0.147,-0.941
1741743583.083,0.335,0.144,-0.944
1741743583.083,0.330,0.148,-0.944
1741743583.083,0.328,0.146,-0.940
1741743583.140,0.331,0.146,-0.942
1741743583.140,0.334,0.149,-0.941
1741743583.140,0.332,0.147,-0.943
1741743583.186,0.334,0.144,-0.944
1741743583.186,0.334,0.145,-0.938
1741743583.186,0.331,0.151,-0.937
1741743583.245,0.333,0.147,-0.943
1741743583.245,0.329,0.146,-0.941
1741743583.245,0.331,0.145,-0.942
1741743583.330,0.333,0.146,-0.939
1741743583.330,0.330,0.146,-0.940
1741743583.330,0.333,0.144,-0.940
1741743583.365,0.334,0.148,-0.937
1741743583.365,0.329,0.147,-0.941
1741743583.365,0.336,0.148,-0.943
1741743583.410,0.329,0.148,-0.937
1741743583.410,0.332,0.151,-0.939
1741743583.410,0.330,0.142,-0.941
1741743583.470,0.335,0.148,-0.940
1741743583.470,0.333,0.148,-0.939
1741743583.470,0.330,0.147,-0.939
1741743583.530,0.336,0.150,-0.942
1741743583.530,0.333,0.147,-0.938
1741743583.530,0.333,0.148,-0.939
1741743583.593,0.330,0.145,-0.940
1741743583.593,0.331,0.145,-0.942
1741743583.593,0.333,0.149,-0.940
1741743583.639,0.329,0.151,-0.942
1741743583.639,0.331,0.146,-0.940
1741743583.639,0.332,0.147,-0.941
1741743583.695,0.331,0.150,-0.940
1741743583.695,0.336,0.143,-0.943
1741743583.695,0.333,0.148,-0.943
1741743583.755,0.333,0.149,-0.944
1741743583.755,0.328,0.145,-0.940
1741743583.755,0.332,0.148,-0.943
1741743583.815,0.334,0.152,-0.940
1741743583.815,0.330,0.146,-0.940
1741743583.815,0.333,0.145,-0.941
1741743583.874,0.328,0.151,-0.942
1741743583.874,0.330,0.145,-0.944
1741743583.874,0.332,0.145,-0.938
1741743583.922,0.333,0.145,-0.939
1741743583.922,0.331,0.150,-0.940
1741743583.922,0.333,0.146,-0.942
1741743583.980,0.332,0.146,-0.938
1741743583.980,0.329,0.145,-0.938
1741743583.980,0.333,0.149,-0.940
1741743584.040,0.328,0.146,-0.939
1741743584.040,0.332,0.145,-0.937
1741743584.040,0.328,0.148,-0.941
1741743584.101,0.335,0.147,-0.938
1741743584.101,0.334,0.148,-0.941
1741743584.101,0.333,0.148,-0.938
1741743584.149,0.329,0.144,-0.940
1741743584.149,0.332,0.153,-0.940
1741743584.149,0.332,0.148,-0.942
1741743584.205,0.331,0.144,-0.939
1741743584.205,0.333,0.151,-0.941
1741743584.205,0.329,0.145,-0.941
1741743584.265,0.329,0.146,-0.941
1741743584.265,0.331,0.149,-0.942
1741743584.265,0.330,0.143,-0.941
1741743584.325,0.334,0.145,-0.943
1741743584.325,0.331,0.148,-0.943
1741743584.325,0.331,0.147,-0.944
1741743584.370,0.332,0.148,-0.940
1741743584.370,0.333,0.148,-0.939
1741743584.370,0.332,0.145,-0.939
1741743584.436,0.331,0.145,-0.938
1741743584.436,0.332,0.148,-0.944
1741743584.436,0.334,0.146,-0.942
1741743584.490,0.330,0.146,-0.937
1741743584.490,0.330,0.145,-0.942
1741743584.490,0.334,0.150,-0.941
1741743584.550,0.335,0.152,-0.939
1741743584.550,0.333,0.147,-0.942
1741743584.550,0.329,0.149,-0.939
1741743584.610,0.329,0.146,-0.941
1741743584.610,0.331,0.148,-0.938
1741743584.610,0.334,0.146,-0.941
1741743584.655,0.329,0.144,-0.944
1741743584.655,0.337,0.150,-0.940
1741743584.655,0.327,0.147,-0.939
1741743584.729,0.330,0.147,-0.941
1741743584.729,0.333,0.142,-0.937
1741743584.729,0.333,0.146,-0.938
1741743584.775,0.331,0.146,-0.943
1741743584.775,0.332,0.147,-0.940
1741743584.775,0.331,0.148,-0.945
1741743584.834,0.329,0.149,-0.939
1741743584.834,0.330,0.148,-0.941
1741743584.834,0.328,0.144,-0.940
1741743584.879,0.328,0.150,-0.938
1741743584.879,0.329,0.150,-0.946
1741743584.879,0.331,0.147,-0.944
1741743584.941,0.333,0.145,-0.941
1741743584.941,0.329,0.152,-0.941
1741743584.941,0.334,0.148,-0.946
1741743585.000,0.332,0.144,-0.942
1741743585.000,0.333,0.146,-0.940
1741743585.000,0.328,0.146,-0.943
1741743585.061,0.336,0.146,-0.939
1741743585.061,0.329,0.146,-0.943
1741743585.061,0.330,0.146,-0.939
1741743585.107,0.331,0.149,-0.942
1741743585.107,0.334,0.146,-0.940
1741743585.107,0.332,0.151,-0.941
1741743585.164,0.337,0.145,-0.939
1741743585.164,0.331,0.146,-0.941
1741743585.164,0.334,0.150,-0.945
1741743585.226,0.332,0.144,-0.938
1741743585.226,0.332,0.143,-0.941
1741743585.226,0.332,0.149,-0.942
1741743585.285,0.331,0.146,-0.939
1741743585.329,0.330,0.149,-0.939
1741743585.329,0.333,0.144,-0.940
1741743585.329,0.331,0.146,-0.941
1741743585.390,0.334,0.148,-0.944
1741743585.390,0.332,0.150,-0.937
1741743585.390,0.331,0.148,-0.937
1741743585.451,0.331,0.149,-0.940
1741743585.451,0.333,0.150,-0.943
1741743585.451,0.333,0.148,-0.943
1741743585.524,0.333,0.150,-0.943
1741743585.524,0.328,0.151,-0.938
1741743585.524,0.329,0.141,-0.944
1741743585.571,0.329,0.147,-0.942
1741743585.571,0.336,0.148,-0.942
1741743585.571,0.328,0.146,-0.941
1741743585.614,0.333,0.149,-0.941
1741743585.614,0.329,0.148,-0.943
1741743585.614,0.330,0.150,-0.940
1741743585.690,0.331,0.148,-0.939
1741743585.690,0.329,0.148,-0.943
1741743585.690,0.334,0.146,-0.945
1741743585.734,0.332,0.147,-0.942
1741743585.734,0.334,0.149,-0.935
1741743585.734,0.332,0.151,-0.940
1741743585.798,0.332,0.145,-0.941
1741743585.798,0.331,0.148,-0.940
1741743585.798,0.335,0.142,-0.940
1741743585.842,0.334,0.146,-0.944
1741743585.842,0.331,0.146,-0.942
1741743585.842,0.336,0.150,-0.944
1741743585.913,0.329,0.147,-0.938
1741743585.913,0.336,0.145,-0.943
1741743585.913,0.327,0.150,-0.945
1741743585.960,0.332,0.148,-0.943
1741743585.960,0.328,0.148,-0.939
1741743585.960,0.332,0.149,-0.942
1741743586.020,0.329,0.147,-0.940
1741743586.020,0.330,0.146,-0.941
1741743586.020,0.329,0.150,-0.940
1741743586.069,0.330,0.148,-0.942
1741743586.069,0.331,0.153,-0.943
1741743586.069,0.330,0.145,-0.937
1741743586.125,0.331,0.148,-0.940
1741743586.125,0.331,0.151,-0.939
1741743586.125,0.330,0.151,-0.942
1741743586.184,0.333,0.149,-0.945
1741743586.184,0.334,0.149,-0.944
1741743586.184,0.332,0.148,-0.943
1741743586.245,0.332,0.145,-0.943
1741743586.245,0.331,0.150,-0.941
1741743586.245,0.330,0.148,-0.939
1741743586.290,0.327,0.148,-0.946
1741743586.290,0.331,0.147,-0.937
1741743586.290,0.331,0.146,-0.941
1741743586.355,0.329,0.146,-0.942
1741743586.355,0.329,0.147,-0.943
1741743586.355,0.332,0.148,-0.938
1741743586.410,0.330,0.149,-0.941
1741743586.410,0.335,0.144,-0.942
1741743586.410,0.334,0.151,-0.943
1741743586.470,0.331,0.145,-0.940
1741743586.470,0.333,0.144,-0.939
1741743586.470,0.335,0.148,-0.940
1741743586.529,0.333,0.148,-0.940
1741743586.529,0.334,0.147,-0.938
1741743586.529,0.328,0.144,-0.940
1741743586.575,0.330,0.145,-0.939
1741743586.575,0.333,0.145,-0.939
1741743586.575,0.334,0.148,-0.943
1741743586.657,0.331,0.147,-0.938
1741743586.657,0.334,0.146,-0.943
1741743586.657,0.329,0.146,-0.940
1741743586.695,0.332,0.147,-0.940
1741743586.695,0.329,0.150,-0.943
1741743586.695,0.331,0.146,-0.940
1741743586.754,0.333,0.147,-0.942
1741743586.754,0.331,0.146,-0.942
1741743586.754,0.328,0.148,-0.940
1741743586.800,0.333,0.151,-0.942
1741743586.800,0.335,0.148,-0.941
1741743586.800,0.333,0.146,-0.941
1741743586.860,0.336,0.147,-0.944
1741743586.860,0.333,0.147,-0.941
1741743586.860,0.334,0.147,-0.942
1741743586.921,0.332,0.151,-0.941
1741743586.921,0.333,0.146,-0.939
1741743586.921,0.329,0.145,-0.941
1741743586.967,0.336,0.147,-0.944
1741743586.967,0.331,0.145,-0.941
1741743586.967,0.330,0.148,-0.938
1741743587.025,0.332,0.150,-0.939
1741743587.025,0.332,0.146,-0.941
1741743587.025,0.334,0.146,-0.942
1741743587.085,0.333,0.150,-0.941
1741743587.085,0.332,0.152,-0.943
1741743587.085,0.330,0.149,-0.941
1741743587.145,0.332,0.146,-0.941
1741743587.145,0.333,0.148,-0.940
1741743587.145,0.333,0.146,-0.942
1741743587.204,0.332,0.149,-0.940
1741743587.204,0.333,0.145,-0.942
1741743587.204,0.335,0.150,-0.944
1741743587.249,0.330,0.144,-0.943
1741743587.249,0.328,0.150,-0.939
1741743587.249,0.334,0.147,-0.939
1741743587.309,0.334,0.148,-0.941
1741743587.309,0.331,0.145,-0.939
1741743587.309,0.329,0.150,-0.943
1741743587.370,0.333,0.146,-0.945
1741743587.370,0.336,0.148,-0.941
1741743587.370,0.333,0.145,-0.940
1741743587.429,0.331,0.147,-0.940
1741743587.429,0.331,0.149,-0.941
1741743587.429,0.330,0.146,-0.942
1741743587.477,0.331,0.147,-0.940
1741743587.477,0.332,0.147,-0.941
1741743587.477,0.332,0.150,-0.935
1741743587.535,0.330,0.147,-0.940
1741743587.535,0.332,0.147,-0.941
1741743587.535,0.332,0.148,-0.941
1741743587.595,0.334,0.149,-0.941
1741743587.595,0.332,0.149,-0.939
1741743587.595,0.332,0.145,-0.938
1741743587.656,0.331,0.149,-0.942
1741743587.656,0.330,0.141,-0.942
1741743587.656,0.333,0.148,-0.941
1741743587.715,0.329,0.151,-0.939
1741743587.715,0.333,0.147,-0.941
1741743587.715,0.331,0.151,-0.941
1741743587.763,0.333,0.147,-0.937
1741743587.763,0.331,0.151,-0.939
1741743587.763,0.332,0.145,-0.942
1741743587.820,0.334,0.149,-0.947
1741743587.820,0.330,0.145,-0.943
1741743587.820,0.331,0.143,-0.939
1741743587.880,0.328,0.149,-0.942
1741743587.880,0.336,0.145,-0.942
1741743587.880,0.337,0.146,-0.940
1741743587.940,0.331,0.150,-0.938
1741743587.940,0.330,0.150,-0.942
1741743587.940,0.334,0.145,-0.940
1741743588.000,0.332,0.145,-0.938
1741743588.000,0.326,0.149,-0.940
1741743588.000,0.335,0.150,-0.941
1741743588.047,0.331,0.147,-0.939
1741743588.047,0.331,0.147,-0.940
1741743588.047,0.328,0.144,-0.942
1741743588.106,0.334,0.148,-0.943
1741743588.106,0.333,0.145,-0.944
1741743588.106,0.333,0.146,-0.944
1741743588.165,0.332,0.146,-0.942
1741743588.165,0.332,0.147,-0.940
1741743588.165,0.335,0.149,-0.944
1741743588.210,0.330,0.146,-0.942
1741743588.210,0.332,0.148,-0.941
1741743588.210,0.328,0.149,-0.939
1741743588.284,0.331,0.147,-0.942
1741743588.284,0.333,0.145,-0.940
1741743588.284,0.332,0.148,-0.942
1741743588.345,0.336,0.149,-0.940
1741743588.345,0.329,0.149,-0.943
1741743588.345,0.332,0.147,-0.940
1741743588.390,0.328,0.148,-0.942
1741743588.390,0.334,0.148,-0.943
1741743588.390,0.331,0.147,-0.941
1741743588.435,0.334,0.145,-0.941
1741743588.435,0.330,0.145,-0.940
1741743588.435,0.333,0.146,-0.941
1741743588.495,0.331,0.145,-0.943
1741743588.495,0.330,0.151,-0.942
1741743588.495,0.334,0.146,-0.942
1741743588.558,0.331,0.142,-0.939
1741743588.558,0.332,0.149,-0.938
1741743588.558,0.329,0.143,-0.940
1741743588.615,0.330,0.146,-0.939
1741743588.615,0.332,0.148,-0.938
1741743588.615,0.337,0.150,-0.942
1741743588.674,0.330,0.150,-0.942
1741743588.674,0.332,0.148,-0.942
1741743588.674,0.335,0.149,-0.940
1741743588.720,0.331,0.146,-0.939
1741743588.720,0.333,0.145,-0.940
1741743588.720,0.331,0.145,-0.940
1741743588.780,0.331,0.147,-0.938
1741743588.780,0.334,0.146,-0.941
1741743588.780,0.333,0.149,-0.940
1741743588.843,0.330,0.145,-0.944
1741743588.843,0.334,0.153,-0.943
1741743588.843,0.329,0.149,-0.940
1741743588.889,0.329,0.146,-0.940
1741743588.889,0.333,0.146,-0.941
1741743588.889,0.331,0.147,-0.940
1741743588.945,0.328,0.147,-0.939
1741743588.945,0.332,0.150,-0.943
1741743588.945,0.333,0.147,-0.936
1741743589.005,0.330,0.146,-0.938
1741743589.005,0.330,0.147,-0.944
1741743589.005,0.332,0.144,-0.946
1741743589.065,0.329,0.149,-0.942
1741743589.065,0.331,0.145,-0.940
1741743589.065,0.333,0.150,-0.938
1741743589.114,0.335,0.148,-0.938
1741743589.114,0.328,0.147,-0.940
1741743589.114,0.330,0.147,-0.941
1741743589.170,0.333,0.147,-0.942
1741743589.170,0.334,0.145,-0.945
1741743589.170,0.332,0.148,-0.941
1741743589.230,0.333,0.143,-0.941
1741743589.230,0.336,0.147,-0.941
1741743589.230,0.333,0.147,-0.939
1741743589.290,0.329,0.148,-0.940
1741743589.290,0.332,0.149,-0.942
1741743589.290,0.332,0.144,-0.940
1741743589.349,0.332,0.148,-0.940
1741743589.349,0.332,0.151,-0.941
1741743589.349,0.336,0.146,-0.939
1741743589.399,0.329,0.150,-0.938
1741743589.399,0.328,0.144,-0.945
1741743589.399,0.331,0.145,-0.945
1741743589.455,0.336,0.147,-0.938
1741743589.455,0.332,0.149,-0.941
1741743589.455,0.336,0.148,-0.945
1741743589.515,0.335,0.149,-0.942
1741743589.515,0.332,0.147,-0.938
1741743589.515,0.334,0.149,-0.938
1741743589.575,0.333,0.148,-0.940
1741743589.575,0.330,0.149,-0.944
1741743589.575,0.331,0.145,-0.940
1741743589.635,0.332,0.148,-0.943
1741743589.635,0.332,0.149,-0.942
1741743589.635,0.332,0.145,-0.941
1741743589.684,0.332,0.146,-0.943
1741743589.684,0.335,0.146,-0.942
1741743589.684,0.333,0.148,-0.941
1741743589.743,0.332,0.150,-0.939
1741743589.743,0.333,0.145,-0.938
1741743589.743,0.326,0.143,-0.939
1741743589.800,0.330,0.147,-0.940
1741743589.800,0.331,0.147,-0.941
1741743589.800,0.329,0.148,-0.939
1741743589.860,0.330,0.145,-0.940
1741743589.860,0.333,0.146,-0.940
1741743589.860,0.334,0.147,-0.937
1741743589.905,0.331,0.150,-0.940
1741743589.905,0.330,0.149,-0.944
1741743589.905,0.328,0.145,-0.941
1741743589.968,0.334,0.149,-0.942
1741743589.968,0.333,0.143,-0.937
1741743589.968,0.328,0.148,-0.941
1741743590.024,0.332,0.145,-0.940
1741743590.024,0.331,0.148,-0.940
1741743590.024,0.334,0.146,-0.937
1741743590.085,0.332,0.148,-0.943
1741743590.085,0.333,0.147,-0.941
1741743590.085,0.333,0.147,-0.941
1741743590.130,0.334,0.146,-0.939
1741743590.130,0.332,0.142,-0.944
1741743590.130,0.328,0.151,-0.939
1741743590.194,0.331,0.151,-0.939
1741743590.194,0.331,0.148,-0.939
1741743590.194,0.332,0.145,-0.942
1741743590.250,0.332,0.150,-0.942
1741743590.250,0.335,0.147,-0.946
1741743590.250,0.335,0.144,-0.940
1741743590.310,0.331,0.150,-0.939
1741743590.354,0.331,0.147,-0.941
1741743590.354,0.332,0.147,-0.941
1741743590.354,0.334,0.149,-0.940
1741743590.415,0.330,0.150,-0.941
1741743590.415,0.332,0.149,-0.936
1741743590.415,0.331,0.148,-0.945
1741743590.478,0.333,0.148,-0.939
1741743590.478,0.328,0.151,-0.939
1741743590.478,0.330,0.146,-0.940
1741743590.535,0.338,0.151,-0.940
1741743590.535,0.331,0.148,-0.938
1741743590.535,0.332,0.147,-0.941
1741743590.594,0.329,0.148,-0.939
1741743590.594,0.332,0.146,-0.937
1741743590.594,0.332,0.147,-0.943
1741743590.640,0.329,0.148,-0.941
1741743590.640,0.331,0.148,-0.946
1741743590.640,0.331,0.150,-0.940
1741743590.700,0.331,0.148,-0.941
1741743590.700,0.335,0.143,-0.943
1741743590.700,0.330,0.144,-0.941
1741743590.763,0.334,0.143,-0.937
1741743590.763,0.332,0.149,-0.940
1741743590.763,0.333,0.145,-0.942
1741743590.807,0.335,0.147,-0.938
1741743590.807,0.330,0.148,-0.940
1741743590.807,0.335,0.146,-0.941
1741743590.865,0.333,0.147,-0.941
1741743590.865,0.333,0.150,-0.941
1741743590.865,0.331,0.143,-0.942
1741743590.925,0.331,0.148,-0.941
1741743590.925,0.328,0.145,-0.942
1741743590.925,0.329,0.150,-0.938
1741743590.985,0.332,0.151,-0.942
1741743590.985,0.328,0.149,-0.945
1741743590.985,0.332,0.143,-0.938
1741743591.046,0.331,0.146,-0.941
1741743591.046,0.332,0.149,-0.942
1741743591.046,0.333,0.146,-0.939
1741743591.092,0.332,0.141,-0.945
1741743591.092,0.331,0.147,-0.939
1741743591.092,0.333,0.147,-0.936
1741743591.149,0.333,0.146,-0.939
1741743591.149,0.334,0.148,-0.942
1741743591.149,0.331,0.149,-0.941
1741743591.210,0.331,0.144,-0.940
1741743591.210,0.337,0.147,-0.939
1741743591.210,0.334,0.148,-0.941
1741743591.269,0.330,0.148,-0.941
1741743591.269,0.331,0.149,-0.940
1741743591.269,0.333,0.148,-0.940
1741743591.318,0.334,0.146,-0.941
1741743591.318,0.335,0.147,-0.942
1741743591.318,0.333,0.147,-0.938
1741743591.375,0.332,0.146,-0.941
1741743591.375,0.329,0.147,-0.941
1741743591.375,0.334,0.148,-0.938
1741743591.434,0.334,0.149,-0.941
1741743591.434,0.332,0.147,-0.943
1741743591.434,0.332,0.150,-0.938
1741743591.495,0.333,0.146,-0.940
1741743591.495,0.331,0.145,-0.946
1741743591.495,0.336,0.147,-0.942
1741743591.554,0.333,0.145,-0.944
1741743591.554,0.333,0.146,-0.941
1741743591.554,0.333,0.145,-0.940
1741743591.614,0.334,0.143,-0.940
1741743591.614,0.329,0.146,-0.940
1741743591.614,0.336,0.149,-0.941
1741743591.660,0.336,0.149,-0.941
1741743591.660,0.329,0.145,-0.940
1741743591.660,0.333,0.148,-0.945
1741743591.720,0.337,0.147,-0.939
1741743591.720,0.331,0.145,-0.936
1741743591.720,0.328,0.150,-0.939
1741743591.779,0.333,0.144,-0.940
1741743591.779,0.332,0.149,-0.939
1741743591.779,0.329,0.149,-0.941
1741743591.825,0.335,0.148,-0.942
1741743591.825,0.331,0.148,-0.940
1741743591.825,0.331,0.152,-0.940
1741743591.889,0.335,0.146,-0.942
1741743591.889,0.328,0.147,-0.938
1741743591.889,0.331,0.146,-0.938
1741743591.945,0.333,0.146,-0.943
1741743591.945,0.334,0.144,-0.943
1741743591.945,0.334,0.150,-0.941
1741743592.005,0.334,0.152,-0.941
1741743592.005,0.331,0.147,-0.941
1741743592.005,0.334,0.148,-0.940
1741743592.049,0.331,0.150,-0.944
1741743592.049,0.334,0.147,-0.945
1741743592.049,0.329,0.145,-0.942
1741743592.109,0.333,0.146,-0.940
1741743592.109,0.331,0.148,-0.940
1741743592.109,0.332,0.147,-0.940
1741743592.170,0.332,0.144,-0.941
1741743592.170,0.330,0.149,-0.940
1741743592.170,0.333,0.148,-0.941
1741743592.230,0.330,0.148,-0.940
1741743592.230,0.329,0.149,-0.938
1741743592.230,0.331,0.148,-0.941
1741743592.289,0.333,0.149,-0.942
1741743592.289,0.329,0.148,-0.940
1741743592.289,0.334,0.153,-0.938
1741743592.335,0.332,0.147,-0.939
1741743592.335,0.330,0.147,-0.946
1741743592.335,0.334,0.145,-0.939
1741743592.395,0.332,0.146,-0.940
1741743592.395,0.328,0.148,-0.938
1741743592.395,0.333,0.144,-0.942
1741743592.455,0.329,0.148,-0.941
1741743592.455,0.336,0.148,-0.942
1741743592.455,0.331,0.145,-0.944
1741743592.514,0.333,0.148,-0.941
1741743592.514,0.330,0.143,-0.939
1741743592.514,0.332,0.146,-0.938
1741743592.560,0.331,0.145,-0.941
1741743592.560,0.336,0.147,-0.943
1741743592.560,0.334,0.144,-0.943
1741743592.619,0.330,0.149,-0.941
1741743592.619,0.327,0.148,-0.941
1741743592.619,0.334,0.146,-0.940
1741743592.697,0.331,0.148,-0.942
1741743592.697,0.331,0.148,-0.942
1741743592.697,0.332,0.149,-0.939
1741743592.729,0.332,0.148,-0.940
1741743592.729,0.333,0.148,-0.940
1741743592.729,0.332,0.148,-0.940
1741743592.784,0.333,0.145,-0.938
1741743592.784,0.331,0.146,-0.943
1741743592.784,0.330,0.147,-0.944
1741743592.844,0.333,0.146,-0.938
1741743592.844,0.332,0.146,-0.938
1741743592.844,0.332,0.147,-0.943
1741743592.904,0.332,0.147,-0.941
1741743592.904,0.333,0.146,-0.941
1741743592.904,0.333,0.151,-0.941
1741743592.968,0.327,0.145,-0.940
1741743592.968,0.329,0.151,-0.937
1741743592.968,0.332,0.148,-0.942
1741743593.014,0.331,0.146,-0.935
1741743593.014,0.333,0.146,-0.944
1741743593.014,0.334,0.145,-0.944
1741743593.071,0.329,0.148,-0.942
1741743593.071,0.330,0.148,-0.940
1741743593.071,0.332,0.149,-0.945
1741743593.130,0.334,0.147,-0.940
1741743593.130,0.333,0.149,-0.939
1741743593.130,0.330,0.148,-0.942
1741743593.192,0.328,0.147,-0.941
1741743593.192,0.334,0.148,-0.944
1741743593.192,0.331,0.147,-0.943
1741743593.239,0.327,0.148,-0.942
1741743593.239,0.333,0.149,-0.942
1741743593.239,0.331,0.150,-0.942
1741743593.296,0.328,0.145,-0.941
1741743593.296,0.332,0.146,-0.941
1741743593.296,0.335,0.149,-0.943
1741743593.355,0.330,0.149,-0.941
1741743593.355,0.331,0.150,-0.938
1741743593.355,0.330,0.151,-0.941
1741743593.415,0.336,0.149,-0.946
1741743593.415,0.333,0.146,-0.940
1741743593.415,0.334,0.144,-0.943
1741743593.460,0.332,0.146,-0.945
1741743593.460,0.329,0.146,-0.942
1741743593.460,0.332,0.148,-0.941
1741743593.524,0.333,0.149,-0.938
1741743593.524,0.333,0.148,-0.938
1741743593.524,0.333,0.147,-0.940
1741743593.580,0.332,0.146,-0.945
1741743593.580,0.327,0.145,-0.942
1741743593.580,0.331,0.145,-0.942
1741743593.640,0.328,0.149,-0.938
1741743593.640,0.335,0.145,-0.942
1741743593.640,0.332,0.148,-0.941
1741743593.700,0.329,0.145,-0.943
1741743593.700,0.332,0.147,-0.942
1741743593.700,0.331,0.147,-0.943
1741743593.744,0.330,0.148,-0.942
1741743593.744,0.333,0.146,-0.942
1741743593.744,0.330,0.147,-0.940
1741743593.809,0.334,0.147,-0.943
1741743593.809,0.330,0.148,-0.940
1741743593.809,0.331,0.150,-0.942
1741743593.872,0.333,0.148,-0.941
1741743593.872,0.332,0.144,-0.939
1741743593.872,0.330,0.145,-0.941
1741743593.924,0.332,0.149,-0.941
1741743593.924,0.334,0.146,-0.942
1741743593.924,0.333,0.148,-0.937
1741743593.970,0.333,0.147,-0.942
1741743593.970,0.333,0.146,-0.938
1741743593.970,0.331,0.148,-0.942
1741743594.031,0.328,0.151,-0.941
1741743594.031,0.330,0.152,-0.939
1741743594.031,0.336,0.148,-0.940
1741743594.092,0.333,0.147,-0.939
1741743594.092,0.335,0.145,-0.940
1741743594.092,0.332,0.152,-0.935
1741743594.151,0.332,0.151,-0.943
1741743594.151,0.331,0.148,-0.945
1741743594.151,0.330,0.155,-0.943
1741743594.195,0.330,0.148,-0.941
1741743594.195,0.332,0.147,-0.941
1741743594.195,0.331,0.148,-0.943
1741743594.255,0.332,0.147,-0.943
1741743594.255,0.334,0.148,-0.938
1741743594.255,0.330,0.145,-0.945
1741743594.315,0.331,0.143,-0.938
1741743594.315,0.334,0.148,-0.942
1741743594.315,0.332,0.143,-0.940
1741743594.375,0.329,0.149,-0.941
1741743594.375,0.332,0.144,-0.937
1741743594.375,0.331,0.145,-0.942
1741743594.419,0.333,0.151,-0.942
1741743594.419,0.335,0.145,-0.942
1741743594.419,0.329,0.148,-0.939
1741743594.480,0.331,0.149,-0.940
1741743594.480,0.329,0.149,-0.940
1741743594.480,0.332,0.146,-0.941
1741743594.544,0.331,0.144,-0.942
1741743594.544,0.330,0.149,-0.942
1741743594.544,0.330,0.147,-0.939
1741743594.600,0.333,0.145,-0.939
1741743594.600,0.331,0.149,-0.940
1741743594.600,0.332,0.145,-0.941
1741743594.658,0.333,0.149,-0.938
1741743594.658,0.331,0.148,-0.944
1741743594.658,0.336,0.150,-0.945
1741743594.705,0.337,0.148,-0.940
1741743594.705,0.327,0.148,-0.936
1741743594.705,0.330,0.149,-0.943
1741743594.765,0.332,0.146,-0.941
1741743594.765,0.336,0.149,-0.940
1741743594.765,0.330,0.146,-0.943
1741743594.825,0.332,0.149,-0.941
1741743594.825,0.332,0.148,-0.942
1741743594.825,0.327,0.144,-0.942
1741743594.884,0.331,0.148,-0.943
1741743594.884,0.333,0.140,-0.937
1741743594.884,0.332,0.147,-0.941
1741743594.933,0.330,0.149,-0.938
1741743594.933,0.330,0.146,-0.942
1741743594.933,0.332,0.150,-0.938
1741743594.991,0.333,0.146,-0.940
1741743594.991,0.333,0.149,-0.941
1741743594.991,0.332,0.145,-0.942
1741743595.050,0.331,0.145,-0.941
1741743595.050,0.334,0.147,-0.941
1741743595.050,0.331,0.145,-0.946
1741743595.110,0.329,0.148,-0.941
1741743595.110,0.330,0.147,-0.945
1741743595.110,0.331,0.142,-0.941
1741743595.170,0.330,0.147,-0.943
1741743595.170,0.333,0.147,-0.940
1741743595.170,0.331,0.148,-0.943
1741743595.218,0.334,0.147,-0.940
1741743595.218,0.334,0.143,-0.940
1741743595.218,0.335,0.147,-0.940
1741743595.275,0.331,0.148,-0.940
1741743595.275,0.332,0.144,-0.940
1741743595.275,0.334,0.149,-0.940
1741743595.335,0.330,0.144,-0.941
1741743595.380,0.332,0.148,-0.941
1741743595.380,0.333,0.146,-0.942
1741743595.380,0.330,0.142,-0.944
1741743595.444,0.329,0.148,-0.941
1741743595.444,0.332,0.147,-0.945
1741743595.444,0.330,0.150,-0.941
1741743595.500,0.333,0.146,-0.941
1741743595.500,0.326,0.143,-0.938
1741743595.500,0.333,0.145,-0.942
1741743595.560,0.335,0.141,-0.936
1741743595.560,0.331,0.148,-0.942
1741743595.560,0.326,0.151,-0.944
1741743595.619,0.331,0.147,-0.938
1741743595.619,0.330,0.147,-0.940
1741743595.619,0.331,0.147,-0.941
1741743595.665,0.330,0.148,-0.943
1741743595.665,0.330,0.149,-0.938
1741743595.665,0.334,0.144,-0.939
1741743595.729,0.331,0.146,-0.940
1741743595.729,0.330,0.147,-0.941
1741743595.729,0.332,0.146,-0.943
1741743595.785,0.332,0.149,-0.938
1741743595.785,0.332,0.147,-0.941
1741743595.785,0.333,0.147,-0.940
1741743595.844,0.330,0.146,-0.940
1741743595.844,0.332,0.149,-0.940
1741743595.844,0.329,0.146,-0.943
1741743595.890,0.329,0.147,-0.944
1741743595.890,0.333,0.146,-0.940
1741743595.890,0.330,0.146,-0.943
1741743595.950,0.331,0.148,-0.939
1741743595.950,0.332,0.146,-0.941
1741743595.950,0.330,0.148,-0.941
1741743596.014,0.333,0.150,-0.943
1741743596.014,0.331,0.143,-0.941
1741743596.014,0.332,0.147,-0.939
1741743596.058,0.332,0.149,-0.944
1741743596.058,0.331,0.146,-0.941
1741743596.058,0.334,0.149,-0.942
1741743596.115,0.334,0.148,-0.945
1741743596.115,0.329,0.149,-0.937
1741743596.115,0.328,0.148,-0.943
1741743596.175,0.333,0.149,-0.939
1741743596.175,0.331,0.149,-0.939
1741743596.175,0.335,0.148,-0.940
1741743596.236,0.332,0.150,-0.944
1741743596.236,0.330,0.145,-0.943
1741743596.236,0.334,0.144,-0.938
1741743596.295,0.332,0.146,-0.941
1741743596.295,0.332,0.147,-0.937
1741743596.295,0.333,0.146,-0.942
1741743596.342,0.334,0.150,-0.941
1741743596.342,0.327,0.148,-0.942
1741743596.342,0.331,0.146,-0.943
1741743596.399,0.334,0.149,-0.942
1741743596.399,0.330,0.146,-0.943
1741743596.399,0.331,0.148,-0.941
1741743596.460,0.331,0.147,-0.938
1741743596.460,0.330,0.147,-0.938
1741743596.460,0.333,0.149,-0.944
1741743596.519,0.334,0.144,-0.940
1741743596.519,0.332,0.148,-0.943
1741743596.519,0.330,0.146,-0.943
1741743596.569,0.331,0.143,-0.942
1741743596.569,0.334,0.145,-0.943
1741743596.569,0.333,0.148,-0.941
1741743596.625,0.337,0.146,-0.939
1741743596.625,0.333,0.149,-0.939
1741743596.625,0.331,0.147,-0.942
1741743596.685,0.328,0.148,-0.940
1741743596.685,0.331,0.149,-0.945
1741743596.685,0.329,0.149,-0.943
1741743596.745,0.336,0.151,-0.943
1741743596.745,0.332,0.148,-0.940
1741743596.745,0.332,0.148,-0.936
1741743596.804,0.330,0.148,-0.943
1741743596.804,0.335,0.148,-0.941
1741743596.804,0.331,0.145,-0.940
1741743596.855,0.331,0.144,-0.938
1741743596.855,0.332,0.154,-0.943
1741743596.855,0.336,0.148,-0.943
1741743596.921,0.333,0.146,-0.938
1741743596.921,0.335,0.147,-0.940
1741743596.921,0.334,0.145,-0.938
1741743596.970,0.331,0.146,-0.943
1741743596.970,0.331,0.149,-0.942
1741743596.970,0.331,0.147,-0.943
1741743597.031,0.334,0.147,-0.941
1741743597.031,0.329,0.148,-0.940
1741743597.031,0.333,0.147,-0.940
1741743597.075,0.331,0.147,-0.939
1741743597.075,0.332,0.145,-0.942
1741743597.075,0.331,0.148,-0.940
1741743597.150,0.334,0.148,-0.941
1741743597.150,0.336,0.150,-0.941
1741743597.150,0.333,0.144,-0.937
1741743597.195,0.330,0.146,-0.938
1741743597.195,0.331,0.144,-0.940
1741743597.195,0.332,0.148,-0.940
1741743597.255,0.333,0.146,-0.941
1741743597.255,0.330,0.144,-0.939
1741743597.255,0.331,0.147,-0.940
1741743597.300,0.333,0.145,-0.937
1741743597.300,0.335,0.148,-0.936
1741743597.300,0.333,0.149,-0.939
1741743597.360,0.332,0.151,-0.940
1741743597.360,0.335,0.149,-0.944
1741743597.360,0.328,0.146,-0.944
1741743597.420,0.334,0.145,-0.939
1741743597.420,0.331,0.146,-0.945
1741743597.420,0.328,0.151,-0.940
1741743597.480,0.335,0.147,-0.939
1741743597.480,0.335,0.147,-0.942
1741743597.480,0.330,0.148,-0.942
1741743597.539,0.333,0.146,-0.942
1741743597.539,0.332,0.144,-0.942
1741743597.539,0.329,0.147,-0.943
1741743597.585,0.335,0.145,-0.945
1741743597.585,0.333,0.147,-0.941
1741743597.585,0.331,0.146,-0.944
1741743597.649,0.333,0.150,-0.941
1741743597.649,0.328,0.147,-0.937
1741743597.649,0.332,0.149,-0.940
1741743597.705,0.332,0.146,-0.945
1741743597.705,0.331,0.144,-0.940
1741743597.705,0.336,0.153,-0.944
1741743597.764,0.331,0.147,-0.946
1741743597.764,0.331,0.150,-0.939
1741743597.764,0.331,0.147,-0.941
1741743597.809,0.333,0.144,-0.944
1741743597.809,0.334,0.148,-0.943
1741743597.809,0.332,0.150,-0.942
1741743597.870,0.333,0.148,-0.942
1741743597.870,0.328,0.148,-0.941
1741743597.870,0.330,0.151,-0.938
1741743597.934,0.333,0.148,-0.942
1741743597.934,0.332,0.149,-0.938
1741743597.934,0.334,0.148,-0.941
1741743597.979,0.332,0.149,-0.942
1741743597.979,0.330,0.149,-0.938
1741743597.979,0.330,0.147,-0.945
1741743598.035,0.328,0.144,-0.937
1741743598.035,0.329,0.146,-0.941
1741743598.035,0.332,0.154,-0.940
1741743598.095,0.333,0.147,-0.943
1741743598.095,0.333,0.148,-0.943
1741743598.095,0.332,0.146,-0.938
1741743598.155,0.334,0.146,-0.940
1741743598.155,0.332,0.148,-0.944
1741743598.155,0.336,0.148,-0.943
1741743598.219,0.335,0.148,-0.942
1741743598.219,0.331,0.148,-0.944
1741743598.219,0.335,0.147,-0.943
1741743598.264,0.332,0.150,-0.940
1741743598.264,0.331,0.150,-0.939
1741743598.264,0.330,0.150,-0.939
1741743598.321,0.329,0.149,-0.941
1741743598.321,0.333,0.149,-0.939
1741743598.321,0.330,0.146,-0.938
1741743598.380,0.332,0.148,-0.942
1741743598.380,0.332,0.147,-0.940
1741743598.380,0.329,0.149,-0.936
1741743598.440,0.332,0.148,-0.938
1741743598.440,0.331,0.145,-0.944
1741743598.440,0.331,0.147,-0.939
1741743598.500,0.330,0.146,-0.944
1741743598.500,0.334,0.145,-0.943
1741743598.500,0.333,0.148,-0.943
1741743598.545,0.335,0.147,-0.940
1741743598.545,0.328,0.145,-0.942
1741743598.545,0.333,0.148,-0.940
1741743598.605,0.333,0.145,-0.941
1741743598.605,0.331,0.144,-0.942
1741743598.605,0.331,0.148,-0.938
1741743598.665,0.331,0.144,-0.939
1741743598.665,0.331,0.149,-0.940
1741743598.665,0.332,0.149,-0.945
1741743598.725,0.331,0.151,-0.937
1741743598.725,0.332,0.154,-0.944
1741743598.725,0.332,0.149,-0.942
1741743598.774,0.332,0.147,-0.937
1741743598.774,0.329,0.149,-0.943
1741743598.774,0.332,0.146,-0.940
1741743598.830,0.333,0.147,-0.938
1741743598.830,0.332,0.150,-0.943
1741743598.830,0.330,0.145,-0.940
1741743598.890,0.331,0.146,-0.946
1741743598.890,0.333,0.146,-0.941
1741743598.890,0.330,0.147,-0.943
1741743598.949,0.333,0.147,-0.943
1741743598.949,0.333,0.151,-0.940
1741743598.949,0.331,0.147,-0.940
1741743598.995,0.334,0.148,-0.942
1741743598.995,0.331,0.145,-0.940
1741743598.995,0.333,0.152,-0.940
1741743599.059,0.331,0.146,-0.938
1741743599.059,0.330,0.147,-0.939
1741743599.059,0.330,0.147,-0.942
1741743599.116,0.332,0.145,-0.943
1741743599.116,0.328,0.148,-0.941
1741743599.116,0.334,0.149,-0.937
1741743599.175,0.336,0.151,-0.939
1741743599.175,0.333,0.144,-0.940
1741743599.175,0.332,0.150,-0.940
1741743599.220,0.332,0.141,-0.940
1741743599.220,0.332,0.148,-0.942
1741743599.220,0.330,0.148,-0.944
1741743599.281,0.334,0.145,-0.939
1741743599.281,0.332,0.144,-0.942
1741743599.281,0.332,0.147,-0.940
1741743599.342,0.334,0.144,-0.940
1741743599.342,0.331,0.151,-0.940
1741743599.342,0.333,0.147,-0.945
1741743599.399,0.329,0.143,-0.942
1741743599.399,0.330,0.149,-0.941
1741743599.399,0.333,0.148,-0.943
1741743599.459,0.329,0.147,-0.940
1741743599.459,0.330,0.146,-0.940
1741743599.459,0.330,0.147,-0.940
1741743599.505,0.335,0.145,-0.939
1741743599.505,0.332,0.151,-0.945
1741743599.505,0.331,0.146,-0.939
1741743599.566,0.330,0.145,-0.946
1741743599.566,0.333,0.144,-0.939
1741743599.566,0.331,0.145,-0.942
1741743599.625,0.330,0.146,-0.940
1741743599.625,0.331,0.144,-0.942
1741743599.625,0.329,0.146,-0.940
1741743599.672,0.332,0.144,-0.942
1741743599.672,0.335,0.149,-0.945
1741743599.672,0.329,0.150,-0.939
1741743599.730,0.332,0.149,-0.941
1741743599.730,0.330,0.147,-0.943
1741743599.730,0.331,0.147,-0.940
1741743599.790,0.333,0.145,-0.938
1741743599.790,0.331,0.151,-0.940
1741743599.790,0.328,0.148,-0.939
1741743599.865,0.333,0.150,-0.938
1741743599.865,0.335,0.148,-0.939
1741743599.865,0.332,0.146,-0.940
1741743599.899,0.339,0.149,-0.942
1741743599.899,0.329,0.147,-0.940
1741743599.899,0.331,0.147,-0.942
1741743599.958,0.337,0.147,-0.943
1741743599.958,0.331,0.146,-0.939
1741743599.958,0.330,0.147,-0.941
1741743600.015,0.336,0.149,-0.941
1741743600.015,0.337,0.148,-0.939
1741743600.015,0.333,0.147,-0.937
1741743600.075,0.330,0.146,-0.944
1741743600.075,0.334,0.147,-0.942
1741743600.075,0.332,0.147,-0.942
1741743600.137,0.334,0.144,-0.943
1741743600.137,0.329,0.147,-0.943
1741743600.137,0.336,0.147,-0.939
1741743600.184,0.334,0.147,-0.935
1741743600.184,0.334,0.149,-0.943
1741743600.184,0.331,0.146,-0.941
1741743600.239,0.331,0.148,-0.942
1741743600.239,0.331,0.149,-0.945
1741743600.239,0.332,0.148,-0.939
1741743600.300,0.336,0.148,-0.941
1741743600.300,0.329,0.146,-0.942
1741743600.300,0.332,0.148,-0.939
1741743600.359,0.333,0.147,-0.946
